ID,CHURN
1001,F
1002,F
1003,F
1004,T
1005,F
1006,T
1007,F
1008,F
1009,F
1010,T
1011,F
1012,F
1013,T
1014,F
1015,F
1016,F
1017,F
1018,T
1019,T
1020,F
1021,F
1022,F
1023,F
1024,F
1025,F
1026,F
1027,F
1028,F
1029,F
1030,F
1031,T
1032,F
1033,T
1034,T
1035,T
1036,F
1037,F
1038,F
1039,F
1040,F
1041,F
1042,F
1043,F
1044,F
1045,T
1046,F
1047,F
1048,T
1049,F
1050,T
1051,F
1052,T
1053,F
1054,F
1055,F
1056,F
1057,T
1058,T
1059,F
1060,F
1061,F
1062,T
1063,F
1064,F
1065,F
1066,F
1067,F
1068,F
1069,F
1070,F
1071,T
1072,F
1073,T
1074,F
1075,F
1076,T
1077,F
1078,F
1079,F
1080,T
1081,T
1082,T
1083,T
1084,T
1085,T
1086,F
1087,F
1088,T
1089,T
1090,F
1091,T
1092,F
1093,T
1094,F
1095,F
1096,F
1097,F
1098,F
1099,T
1100,F
1101,F
1102,F
1103,F
1104,F
1105,F
1106,F
1107,T
1108,F
1109,T
1110,F
1111,T
1112,F
1113,F
1114,F
1115,T
1116,T
1117,F
1118,T
1119,F
1120,F
1121,F
1122,T
1123,T
1124,F
1125,F
1126,F
1127,T
1128,T
1129,F
1130,F
1131,F
1132,T
1133,F
1134,F
1135,F
1136,F
1137,T
1138,F
1139,T
1140,F
1141,F
1142,T
1143,T
1144,T
1145,T
1146,T
1147,F
1148,T
1149,F
1150,T
1151,F
1152,T
1153,T
1154,F
1155,F
1156,F
1157,F
1158,F
1159,F
1160,F
1161,F
1162,T
1163,F
1164,T
1165,F
1166,F
1167,T
1168,F
1169,F
1170,F
1171,F
1172,F
1173,F
1174,F
1175,F
1176,F
1177,F
1178,T
1179,F
1180,T
1181,F
1182,T
1183,T
1184,T
1185,F
1186,F
1187,T
1188,T
1189,F
1190,T
1191,F
1192,F
1193,F
1194,F
1195,F
1196,F
1197,F
1198,F
1199,F
1200,T
1201,F
1202,T
1203,F
1204,T
1205,F
1206,T
1207,T
1208,F
1209,T
1210,F
1211,F
1212,T
1213,F
1214,T
1215,F
1216,T
1217,T
1218,F
1219,F
1220,F
1221,F
1222,T
1223,F
1224,T
1225,T
1226,F
1227,F
1228,T
1229,F
1230,T
1231,F
1232,F
1233,T
1234,F
1235,F
1236,F
1237,T
1238,T
1239,F
1240,F
1241,F
1242,T
1243,F
1244,F
1245,F
1246,F
1247,F
1248,F
1249,F
1250,T
1251,F
1252,T
1253,F
1254,F
1255,F
1256,F
1257,T
1258,T
1259,T
1260,F
1261,F
1262,T
1263,T
1264,F
1265,T
1266,F
1267,T
1268,T
1269,T
1270,T
1271,F
1272,T
1273,F
1274,F
1275,T
1276,F
1277,F
1278,F
1279,T
1280,T
1281,T
1282,T
1283,F
1284,F
1285,T
1286,F
1287,F
1288,T
1289,F
1290,F
1291,F
1292,F
1293,F
1294,F
1295,F
1296,T
1297,T
1298,F
1299,F
1300,F
1301,T
1302,T
1303,F
1304,F
1305,F
1306,F
1307,F
1308,F
1309,F
1310,T
1311,F
1312,F
1313,F
1314,F
1315,F
1316,F
1317,T
1318,F
1319,T
1320,F
1321,T
1322,T
1323,T
1324,F
1325,F
1326,T
1327,T
1328,F
1329,F
1330,F
1331,T
1332,F
1333,F
1334,F
1335,T
1336,F
1337,F
1338,T
1339,F
1340,T
1341,F
1342,T
1343,F
1344,T
1345,T
1346,T
1347,F
1348,F
1349,F
1350,T
1351,F
1352,F
1353,F
1354,F
1355,F
1356,F
1357,F
1358,F
1359,T
1360,F
1361,T
1362,T
1363,F
1364,T
1365,F
1366,F
1367,T
1368,T
1369,F
1370,F
1371,T
1372,T
1373,F
1374,F
1375,F
1376,F
1377,T
1378,F
1379,F
1380,T
1381,F
1382,F
1383,T
1384,F
1385,F
1386,F
1387,F
1388,F
1389,F
1390,F
1391,F
1392,F
1393,T
1394,F
1395,F
1396,T
1397,T
1398,F
1399,F
1400,F
1401,T
1402,F
1403,T
1404,T
1405,F
1406,F
1407,T
1408,F
1409,F
1410,F
1411,F
1412,F
1413,F
1414,T
1415,F
1416,T
1417,F
1418,F
1419,F
1420,F
1421,T
1422,F
1423,T
1424,T
1425,T
1426,F
1427,F
1428,F
1429,F
1430,T
1431,F
1432,T
1433,T
1434,T
1435,F
1436,T
1437,F
1438,T
1439,T
1440,F
1441,F
1442,F
1443,F
1444,T
1445,T
1446,F
1447,F
1448,F
1449,F
1450,T
1451,F
1452,T
1453,T
1454,T
1455,F
1456,T
1457,T
1458,F
1459,F
1460,F
1461,T
1462,T
1463,T
1464,F
1465,F
1466,T
1467,F
1468,T
1469,F
1470,F
1471,T
1472,F
1473,T
1474,F
1475,T
1476,T
1477,F
1478,T
1479,T
1480,F
1481,F
1482,T
1483,F
1484,T
1485,F
1486,F
1487,F
1488,F
1489,F
1490,F
1491,F
1492,F
1493,F
1494,T
1495,T
1496,T
1497,T
1498,F
1499,T
1500,T
1501,F
1502,F
1503,F
1504,F
1505,F
1506,F
1507,T
1508,T
1509,T
1510,F
1511,F
1512,T
1513,F
1514,F
1515,F
1516,F
1517,F
1518,T
1519,T
1520,F
1521,F
1522,F
1523,F
1524,F
1525,F
1526,T
1527,F
1528,T
1529,F
1530,F
1531,T
1532,F
1533,F
1534,F
1535,F
1536,T
1537,T
1538,F
1539,F
1540,T
1541,F
1542,F
1543,F
1544,F
1545,F
1546,F
1547,T
1548,F
1549,T
1550,F
1551,F
1552,T
1553,T
1554,F
1555,T
1556,T
1557,F
1558,F
1559,F
1560,T
1561,F
1562,T
1563,T
1564,F
1565,T
1566,F
1567,T
1568,F
1569,F
1570,T
1571,F
1572,T
1573,F
1574,F
1575,T
1576,F
1577,T
1578,T
1579,F
1580,F
1581,T
1582,F
1583,F
1584,F
1585,F
1586,T
1587,F
1588,T
1589,T
1590,F
1591,T
1592,F
1593,F
1594,F
1595,F
1596,T
1597,F
1598,T
1599,F
1600,F
1601,F
1602,T
1603,F
1604,F
1605,F
1606,F
1607,F
1608,F
1609,T
1610,F
1611,F
1612,F
1613,T
1614,T
1615,T
1616,F
1617,T
1618,F
1619,F
1620,T
1621,T
1622,F
1623,T
1624,T
1625,F
1626,F
1627,F
1628,F
1629,F
1630,F
1631,T
1632,F
1633,F
1634,F
1635,F
1636,T
1637,F
1638,F
1639,F
1640,F
1641,F
1642,F
1643,F
1644,F
1645,T
1646,T
1647,T
1648,T
1649,T
1650,F
1651,T
1652,F
1653,F
1654,F
1655,T
1656,T
1657,F
1658,T
1659,F
1660,T
1661,F
1662,F
1663,T
1664,F
1665,F
1666,T
1667,F
1668,T
1669,F
1670,F
1671,T
1672,T
1673,F
1674,F
1675,F
1676,F
1677,F
1678,T
1679,F
1680,T
1681,T
1682,T
1683,T
1684,F
1685,F
1686,F
1687,F
1688,T
1689,T
1690,F
1691,F
1692,T
1693,T
1694,F
1695,F
1696,F
1697,T
1698,T
1699,F
1700,F
1701,F
1702,T
1703,F
1704,T
1705,F
1706,T
1707,T
1708,T
1709,F
1710,F
1711,F
1712,F
1713,F
1714,T
1715,F
1716,F
1717,F
1718,T
1719,T
1720,F
1721,T
1722,F
1723,F
1724,F
1725,F
1726,F
1727,F
1728,F
1729,T
1730,F
1731,T
1732,F
1733,F
1734,F
1735,T
1736,T
1737,F
1738,F
1739,T
1740,F
1741,T
1742,T
1743,T
1744,F
1745,T
1746,F
1747,F
1748,F
1749,F
1750,F
1751,F
1752,T
1753,F
1754,T
1755,F
1756,F
1757,F
1758,F
1759,F
1760,F
1761,T
1762,T
1763,F
1764,T
1765,F
1766,F
1767,F
1768,F
1769,F
1770,F
1771,F
1772,T
1773,F
1774,F
1775,F
1776,T
1777,F
1778,F
1779,F
1780,F
1781,F
1782,F
1783,F
1784,F
1785,F
1786,T
1787,F
1788,F
1789,T
1790,F
1791,F
1792,F
1793,F
1794,F
1795,F
1796,F
1797,F
1798,F
1799,T
1800,T
1801,T
1802,T
1803,F
1804,T
1805,F
1806,F
1807,T
1808,T
1809,T
1810,F
1811,T
1812,F
1813,F
1814,T
1815,F
1816,F
1817,F
1818,F
1819,T
1820,F
1821,F
1822,F
1823,F
1824,T
1825,F
1826,T
1827,T
1828,F
1829,T
1830,F
1831,F
1832,T
1833,F
1834,T
1835,F
1836,T
1837,T
1838,F
1839,F
1840,T
1841,F
1842,F
1843,T
1844,F
1845,F
1846,F
1847,F
1848,F
1849,F
1850,T
1851,F
1852,F
1853,F
1854,F
1855,T
1856,F
1857,F
1858,F
1859,F
1860,F
1861,T
1862,F
1863,F
1864,T
1865,T
1866,F
1867,F
1868,T
1869,T
1870,F
1871,T
1872,F
1873,F
1874,T
1875,F
1876,T
1877,F
1878,T
1879,T
1880,T
1881,F
1882,F
1883,F
1884,T
1885,F
1886,F
1887,T
1888,F
1889,T
1890,F
1891,T
1892,T
1893,F
1894,F
1895,F
1896,F
1897,T
1898,F
1899,F
1900,T
1901,T
1902,F
1903,T
1904,T
1905,T
1906,T
1907,F
1908,T
1909,F
1910,T
1911,T
1912,F
1913,T
1914,F
1915,F
1916,F
1917,T
1918,F
1919,T
1920,F
1921,T
1922,F
1923,T
1924,T
1925,F
1926,T
1927,F
1928,T
1929,F
1930,F
1931,F
1932,F
1933,T
1934,T
1935,F
1936,F
1937,T
1938,T
1939,T
1940,T
1941,F
1942,F
1943,T
1944,F
1945,T
1946,F
1947,T
1948,T
1949,F
1950,F
1951,F
1952,F
1953,T
1954,T
1955,F
1956,T
1957,F
1958,T
1959,T
1960,F
1961,T
1962,T
1963,F
1964,F
1965,T
1966,T
1967,F
1968,F
1969,F
1970,T
1971,F
1972,F
1973,F
1974,F
1975,F
1976,F
1977,T
1978,T
1979,T
1980,T
1981,T
1982,F
1983,F
1984,T
1985,F
1986,T
1987,F
1988,F
1989,F
1990,F
1991,F
1992,F
1993,F
1994,F
1995,T
1996,T
1997,T
1998,F
1999,F
2000,F
2001,F
2002,F
2003,T
2004,F
2005,F
2006,F
2007,F
2008,F
2009,T
2010,T
2011,T
2012,F
2013,T
2014,F
2015,F
2016,F
2017,F
2018,T
2019,F
2020,F
2021,F
2022,F
2023,F
2024,T
2025,F
2026,T
2027,T
2028,F
2029,T
2030,T
2031,F
2032,T
2033,F
2034,T
2035,T
2036,F
2037,T
2038,T
2039,F
2040,F
2041,F
2042,F
2043,F
2044,F
2045,T
2046,F
2047,T
2048,F
2049,F
2050,T
2051,F
2052,F
2053,F
2054,F
2055,F
2056,F
2057,F
2058,F
2059,F
2060,T
2061,F
2062,F
2063,T
2064,F
2065,F
2066,T
2067,T
2068,T
2069,T
2070,T
2071,T
2072,F
2073,T
2074,F
2075,F
2076,F
2077,T
2078,F
2079,F
2080,T
2081,F
2082,F
2083,F
2084,F
2085,F
2086,T
2087,T
2088,T
2089,F
2090,F
2091,F
2092,F
2093,F
2094,F
2095,F
2096,F
2097,T
2098,F
2099,T
2100,F
2101,F
2102,T
2103,F
2104,F
2105,T
2106,F
2107,F
2108,T
2109,T
2110,F
2111,T
2112,F
2113,F
2114,F
2115,T
2116,T
2117,T
2118,F
2119,F
2120,F
2121,T
2122,T
2123,F
2124,F
2125,T
2126,F
2127,T
2128,F
2129,T
2130,T
2131,F
2132,T
2133,T
2134,F
2135,F
2136,F
2137,T
2138,T
2139,T
2140,F
2141,T
2142,F
2143,F
2144,F
2145,T
2146,T
2147,T
2148,T
2149,F
2150,T
2151,T
2152,F
2153,F
2154,F
2155,T
2156,F
2157,T
2158,T
2159,T
2160,F
2161,F
2162,F
2163,T
2164,F
2165,T
2166,F
2167,T
2168,F
2169,T
2170,T
2171,T
2172,F
2173,T
2174,T
2175,F
2176,F
2177,F
2178,F
2179,F
2180,T
2181,F
2182,F
2183,T
2184,T
2185,T
2186,F
2187,F
2188,T
2189,F
2190,F
2191,F
2192,F
2193,F
2194,F
2195,T
2196,F
2197,F
2198,F
2199,F
2200,F
2201,F
2202,F
2203,T
2204,F
2205,F
2206,T
2207,F
2208,F
2209,T
2210,T
2211,T
2212,F
2213,F
2214,F
2215,F
2216,F
2217,F
2218,T
2219,F
2220,T
2221,F
2222,T
2223,F
2224,F
2225,T
2226,F
2227,T
2228,T
2229,F
2230,F
2231,F
2232,T
2233,F
2234,F
2235,F
2236,F
2237,T
2238,F
2239,F
2240,T
2241,F
2242,F
2243,T
2244,F
2245,F
2246,F
2247,T
2248,T
2249,F
2250,F
2251,F
2252,T
2253,F
2254,T
2255,F
2256,F
2257,F
2258,T
2259,T
2260,F
2261,F
2262,F
2263,F
2264,F
2265,T
2266,F
2267,F
2268,F
2269,F
2270,F
2271,T
2272,T
2273,F
2274,F
2275,F
2276,F
2277,F
2278,T
2279,F
2280,F
2281,F
2282,T
2283,F
2284,F
2285,F
2286,F
2287,F
2288,F
2289,T
2290,T
2291,F
2292,F
2293,T
2294,F
2295,F
2296,F
2297,F
2298,T
2299,F
2300,F
2301,F
2302,F
2303,F
2304,F
2305,F
2306,F
2307,F
2308,T
2309,F
2310,T
2311,T
2312,F
2313,F
2314,F
2315,F
2316,F
2317,F
2318,F
2319,F
2320,T
2321,F
2322,F
2323,F
2324,F
2325,F
2326,F
2327,T
2328,F
2329,T
2330,F
2331,T
2332,F
2333,F
2334,T
2335,F
2336,F
2337,T
2338,F
2339,F
2340,T
2341,T
2342,F
2343,F
2344,F
2345,F
2346,F
2347,T
2348,T
2349,F
2350,T
2351,F
2352,T
2353,F
2354,F
2355,T
2356,F
2357,F
2358,T
2359,T
2360,F
2361,T
2362,T
2363,F
2364,F
2365,F
2366,F
2367,F
2368,T
2369,F
2370,F
2371,F
2372,F
2373,T
2374,F
2375,F
2376,F
2377,F
2378,F
2379,F
2380,F
2381,F
2382,F
2383,F
2384,T
2385,F
2386,F
2387,F
2388,T
2389,F
2390,F
2391,T
2392,T
2393,F
2394,F
2395,T
2396,T
2397,F
2398,F
2399,F
2400,F
2401,F
2402,T
2403,F
2404,T
2405,F
2406,T
2407,F
2408,T
2409,F
2410,F
2411,T
2412,F
2413,F
2414,F
2415,F
2416,F
2417,F
2418,F
2419,F
2420,T
2421,F
2422,F
2423,F
2424,F
2425,F
2426,F
2427,F
2428,F
2429,T
2430,F
2431,T
2432,F
2433,F
2434,T
2435,T
2436,F
2437,F
2438,T
2439,T
2440,T
2441,F
2442,F
2443,T
2444,T
2445,F
2446,F
2447,F
2448,F
2449,F
2450,T
2451,F
2452,F
2453,F
2454,F
2455,F
2456,F
2457,T
2458,F
2459,F
2460,T
2461,T
2462,F
2463,F
2464,T
2465,T
2466,F
2467,F
2468,F
2469,F
2470,F
2471,T
2472,T
2473,T
2474,T
2475,T
2476,T
2477,T
2478,F
2479,F
2480,T
2481,T
2482,F
2483,F
2484,T
2485,F
2486,T
2487,F
2488,T
2489,T
2490,F
2491,T
2492,F
2493,F
2494,F
2495,F
2496,T
2497,F
2498,F
2499,F
2500,T
2501,T
2502,T
2503,F
2504,T
2505,T
2506,F
2507,T
2508,T
2509,F
2510,F
2511,F
2512,F
2513,T
2514,F
2515,T
2516,F
2517,F
2518,F
2519,F
2520,F
2521,F
2522,F
2523,T
2524,F
2525,F
2526,F
2527,F
2528,F
2529,F
2530,F
2531,F
2532,F
2533,F
2534,T
2535,T
2536,T
2537,T
2538,T
2539,F
2540,F
2541,F
2542,T
2543,T
2544,T
2545,F
2546,F
2547,T
2548,F
2549,F
2550,T
2551,T
2552,T
2553,F
2554,F
2555,T
2556,F
2557,F
2558,F
2559,F
2560,T
2561,F
2562,T
2563,F
2564,F
2565,F
2566,T
2567,F
2568,F
2569,F
2570,T
2571,F
2572,T
2573,F
2574,F
2575,T
2576,F
2577,T
2578,F
2579,T
2580,F
2581,T
2582,F
2583,F
2584,F
2585,T
2586,F
2587,T
2588,F
2589,T
2590,T
2591,F
2592,F
2593,T
2594,T
2595,F
2596,T
2597,F
2598,F
2599,F
2600,T
2601,F
2602,F
2603,F
2604,F
2605,T
2606,T
2607,F
2608,F
2609,F
2610,F
2611,F
2612,F
2613,F
2614,F
2615,F
2616,F
2617,T
2618,T
2619,T
2620,F
2621,F
2622,T
2623,F
2624,F
2625,F
2626,F
2627,F
2628,T
2629,T
2630,T
2631,T
2632,T
2633,F
2634,F
2635,T
2636,F
2637,F
2638,T
2639,F
2640,F
2641,F
2642,F
2643,T
2644,T
2645,F
2646,F
2647,F
2648,T
2649,F
2650,F
2651,F
2652,F
2653,T
2654,F
2655,T
2656,F
2657,F
2658,F
2659,F
2660,T
2661,T
2662,F
2663,F
2664,F
2665,T
2666,F
2667,T
2668,F
2669,T
2670,T
2671,F
2672,F
2673,F
2674,T
2675,F
2676,F
2677,F
2678,F
2679,F
2680,T
2681,F
2682,F
2683,F
2684,F
2685,T
2686,F
2687,F
2688,F
2689,F
2690,F
2691,F
2692,F
2693,T
2694,F
2695,F
2696,F
2697,T
2698,F
2699,F
2700,F
2701,F
2702,F
2703,F
2704,F
2705,F
2706,T
2707,T
2708,T
2709,F
2710,T
2711,T
2712,F
2713,T
2714,F
2715,T
2716,T
2717,F
2718,F
2719,F
2720,T
2721,F
2722,F
2723,F
2724,F
2725,T
2726,F
2727,T
2728,F
2729,F
2730,F
2731,F
2732,F
2733,F
2734,F
2735,T
2736,F
2737,F
2738,F
2739,F
2740,T
2741,F
2742,T
2743,F
2744,F
2745,F
2746,F
2747,F
2748,F
2749,F
2750,F
2751,T
2752,T
2753,T
2754,F
2755,F
2756,F
2757,F
2758,T
2759,F
2760,F
2761,T
2762,F
2763,T
2764,F
2765,F
2766,F
2767,F
2768,F
2769,T
2770,T
2771,T
2772,T
2773,F
2774,F
2775,F
2776,F
2777,F
2778,F
2779,F
2780,F
2781,T
2782,F
2783,F
2784,F
2785,F
2786,T
2787,F
2788,T
2789,F
2790,T
2791,F
2792,T
2793,T
2794,F
2795,T
2796,F
2797,F
2798,T
2799,T
2800,T
2801,T
2802,F
2803,F
2804,F
2805,F
2806,T
2807,F
2808,F
2809,T
2810,F
2811,F
2812,F
2813,F
2814,T
2815,T
2816,F
2817,F
2818,F
2819,F
2820,F
2821,F
2822,F
2823,T
2824,T
2825,T
2826,T
2827,T
2828,F
2829,F
2830,F
2831,T
2832,T
2833,F
2834,F
2835,T
2836,F
2837,F
2838,T
2839,T
2840,F
2841,F
2842,F
2843,F
2844,F
2845,F
2846,F
2847,F
2848,F
2849,F
2850,T
2851,T
2852,T
2853,F
2854,F
2855,F
2856,F
2857,F
2858,F
2859,F
2860,T
2861,F
2862,F
2863,F
2864,T
2865,F
2866,T
2867,F
2868,F
2869,F
2870,F
2871,T
2872,F
2873,F
2874,T
2875,F
2876,T
2877,F
2878,T
2879,T
2880,T
2881,F
2882,F
2883,F
2884,T
2885,F
2886,F
2887,F
2888,T
2889,F
2890,F
2891,T
2892,F
2893,T
2894,T
2895,F
2896,F
2897,T
2898,F
2899,T
2900,F
2901,F
2902,T
2903,T
2904,F
2905,F
2906,F
2907,T
2908,F
2909,F
2910,T
2911,F
2912,F
2913,T
2914,F
2915,F
2916,F
2917,F
2918,T
2919,F
2920,T
2921,F
2922,T
2923,T
2924,T
2925,F
2926,F
2927,F
2928,T
2929,F
2930,F
2931,F
2932,F
2933,T
2934,T
2935,F
2936,T
2937,T
2938,F
2939,F
2940,F
2941,T
2942,T
2943,F
2944,T
2945,F
2946,T
2947,T
2948,F
2949,T
2950,F
2951,T
2952,F
2953,F
2954,F
2955,F
2956,T
2957,F
2958,F
2959,F
2960,T
2961,T
2962,F
2963,F
2964,T
2965,T
2966,F
2967,T
2968,T
2969,F
2970,F
2971,F
2972,F
2973,T
2974,F
2975,F
2976,F
2977,F
2978,F
2979,F
2980,F
2981,F
2982,T
2983,F
2984,T
2985,F
2986,F
2987,F
2988,T
2989,F
2990,F
2991,F
2992,F
2993,T
2994,T
2995,T
2996,F
2997,F
2998,T
2999,F
3000,F
3001,F
3002,T
3003,F
3004,T
3005,F
3006,F
3007,F
3008,F
3009,T
3010,T
3011,F
3012,T
3013,T
3014,F
3015,T
3016,T
3017,F
3018,F
3019,F
3020,F
3021,F
3022,F
3023,T
3024,F
3025,F
3026,F
3027,F
3028,F
3029,F
3030,F
3031,F
3032,F
3033,F
3034,F
3035,T
3036,F
3037,T
3038,T
3039,F
3040,F
3041,F
3042,F
3043,T
3044,F
3045,F
3046,F
3047,F
3048,T
3049,F
3050,F
3051,F
3052,F
3053,F
3054,F
3055,F
3056,T
3057,F
3058,F
3059,T
3060,T
3061,F
3062,T
3063,F
3064,T
3065,F
3066,F
3067,F
3068,T
3069,F
3070,F
3071,F
3072,F
3073,T
3074,F
3075,T
3076,F
3077,T
3078,F
3079,F
3080,T
3081,F
3082,F
3083,F
3084,F
3085,F
3086,F
3087,F
3088,F
3089,F
3090,T
3091,F
3092,T
3093,F
3094,F
3095,F
3096,F
3097,T
3098,F
3099,F
3100,F
3101,T
3102,F
3103,F
3104,F
3105,F
3106,F
3107,F
3108,T
3109,T
3110,F
3111,T
3112,F
3113,F
3114,T
3115,F
3116,T
3117,T
3118,F
3119,F
3120,F
3121,F
3122,F
3123,F
3124,T
3125,F
3126,F
3127,F
3128,F
3129,T
3130,F
3131,T
3132,F
3133,T
3134,T
3135,F
3136,T
3137,T
3138,F
3139,F
3140,T
3141,T
3142,F
3143,T
3144,F
3145,T
3146,F
3147,F
3148,T
3149,F
3150,F
3151,F
3152,F
3153,F
3154,T
3155,F
3156,T
3157,T
3158,F
3159,F
3160,F
3161,T
3162,F
3163,F
3164,F
3165,F
3166,F
3167,F
3168,T
3169,F
3170,T
3171,F
3172,F
3173,F
3174,T
3175,F
3176,T
3177,T
3178,F
3179,F
3180,T
3181,T
3182,T
3183,T
3184,F
3185,F
3186,F
3187,F
3188,F
3189,F
3190,F
3191,T
3192,F
3193,F
3194,F
3195,F
3196,T
3197,F
3198,F
3199,T
3200,T
3201,F
3202,F
3203,F
3204,F
3205,F
3206,F
3207,T
3208,F
3209,F
3210,F
3211,F
3212,F
3213,F
3214,F
3215,F
3216,F
3217,F
3218,F
3219,T
3220,F
3221,F
3222,T
3223,F
3224,F
3225,F
3226,F
3227,T
3228,T
3229,T
3230,F
3231,T
3232,F
3233,F
3234,T
3235,F
3236,F
3237,F
3238,F
3239,F
3240,F
3241,F
3242,T
3243,F
3244,T
3245,F
3246,F
3247,T
3248,T
3249,F
3250,F
3251,F
3252,F
3253,T
3254,F
3255,F
3256,T
3257,T
3258,T
3259,F
3260,T
3261,F
3262,T
3263,F
3264,F
3265,T
3266,F
3267,F
3268,F
3269,F
3270,T
3271,F
3272,T
3273,T
3274,F
3275,F
3276,T
3277,T
3278,F
3279,T
3280,F
3281,T
3282,F
3283,F
3284,F
3285,F
3286,F
3287,F
3288,F
3289,T
3290,F
3291,F
3292,F
3293,F
3294,F
3295,F
3296,F
3297,F
3298,T
3299,F
3300,T
3301,T
3302,T
3303,F
3304,F
3305,F
3306,F
3307,T
3308,F
3309,T
3310,F
3311,T
3312,F
3313,F
3314,F
3315,F
3316,F
3317,F
3318,T
3319,T
3320,F
3321,T
3322,F
3323,T
3324,T
3325,F
3326,F
3327,F
3328,F
3329,F
3330,T
3331,T
3332,F
3333,F
3334,T
3335,F
3336,F
3337,T
3338,T
3339,F
3340,T
3341,F
3342,F
3343,F
3344,T
3345,F
3346,F
3347,T
3348,T
3349,F
3350,F
3351,F
3352,T
3353,F
3354,T
3355,T
3356,F
3357,F
3358,F
3359,F
3360,F
3361,F
3362,F
3363,T
3364,F
3365,F
3366,T
3367,T
3368,F
3369,T
3370,F
3371,F
3372,T
3373,F
3374,F
3375,T
3376,F
3377,F
3378,T
3379,T
3380,T
3381,T
3382,T
3383,T
3384,F
3385,T
3386,F
3387,T
3388,T
3389,F
3390,T
3391,F
3392,T
3393,F
3394,F
3395,T
3396,F
3397,F
3398,F
3399,F
3400,F
3401,T
3402,F
3403,F
3404,F
3405,F
3406,F
3407,T
3408,F
3409,T
3410,T
3411,F
3412,F
3413,F
3414,T
3415,T
3416,F
3417,F
3418,F
3419,T
3420,T
3421,F
3422,F
3423,F
3424,T
3425,T
3426,T
3427,T
3428,T
3429,T
3430,F
3431,F
3432,F
3433,F
3434,F
3435,T
3436,T
3437,F
3438,F
3439,F
3440,T
3441,F
3442,T
3443,T
3444,F
3445,F
3446,F
3447,F
3448,F
3449,T
3450,T
3451,T
3452,T
3453,F
3454,F
3455,F
3456,F
3457,F
3458,F
3459,F
3460,F
3461,T
3462,T
3463,F
3464,F
3465,T
3466,F
3467,F
3468,F
3469,T
3470,F
3471,F
3472,T
3473,F
3474,F
3475,T
3476,F
3477,F
3478,F
3479,T
3480,F
3481,T
3482,T
3483,F
3484,T
3485,T
3486,T
3487,T
3488,F
3489,F
3490,F
3491,F
3492,T
3493,F
3494,F
3495,F
3496,F
3497,F
3498,F
3499,F
3500,F
3501,F
3502,F
3503,F
3504,F
3505,T
3506,T
3507,T
3508,T
3509,T
3510,F
3511,F
3512,T
3513,F
3514,T
3515,F
3516,F
3517,F
3518,T
3519,F
3520,T
3521,F
3522,F
3523,F
3524,F
3525,T
3526,T
3527,F
3528,F
3529,T
3530,T
3531,F
3532,F
3533,F
3534,F
3535,F
3536,F
3537,F
3538,F
3539,F
3540,F
3541,F
3542,F
3543,F
3544,T
3545,T
3546,F
3547,F
3548,F
3549,F
3550,F
3551,T
3552,F
3553,F
3554,F
3555,T
3556,F
3557,T
3558,F
3559,F
3560,T
3561,F
3562,F
3563,F
3564,F
3565,F
3566,F
3567,T
3568,F
3569,F
3570,T
3571,F
3572,T
3573,T
3574,F
3575,F
3576,F
3577,F
3578,T
3579,T
3580,T
3581,T
3582,F
3583,T
3584,T
3585,T
3586,F
3587,F
3588,F
3589,F
3590,T
3591,F
3592,F
3593,T
3594,T
3595,F
3596,F
3597,T
3598,F
3599,F
3600,F
3601,F
3602,F
3603,T
3604,T
3605,T
3606,F
3607,T
3608,T
3609,T
3610,T
3611,F
3612,T
3613,F
3614,T
3615,F
3616,F
3617,F
3618,F
3619,F
3620,F
3621,F
3622,F
3623,F
3624,F
3625,F
3626,F
3627,T
3628,T
3629,T
3630,F
3631,T
3632,F
3633,T
3634,T
3635,T
3636,T
3637,F
3638,F
3639,F
3640,F
3641,F
3642,F
3643,T
3644,F
3645,F
3646,F
3647,F
3648,F
3649,T
3650,F
3651,F
3652,T
3653,F
3654,F
3655,F
3656,F
3657,F
3658,T
3659,F
3660,F
3661,F
3662,F
3663,F
3664,F
3665,F
3666,F
3667,F
3668,T
3669,F
3670,T
3671,F
3672,F
3673,T
3674,T
3675,F
3676,F
3677,T
3678,F
3679,F
3680,T
3681,T
3682,T
3683,F
3684,F
3685,F
3686,T
3687,F
3688,F
3689,T
3690,F
3691,F
3692,T
3693,F
3694,F
3695,F
3696,F
3697,F
3698,F
3699,F
3700,F
3701,F
3702,F
3703,F
3704,T
3705,F
3706,T
3707,T
3708,T
3709,F
3710,F
3711,F
3712,T
3713,F
3714,T
3715,F
3716,F
3717,T
3718,F
3719,T
3720,F
3721,T
3722,F
3723,F
3724,F
3725,F
3726,F
3727,F
3728,T
3729,F
3730,F
3731,F
3732,T
3733,F
3734,F
3735,T
3736,F
3737,F
3738,F
3739,F
3740,T
3741,F
3742,F
3743,T
3744,F
3745,F
3746,F
3747,F
3748,F
3749,F
3750,F
3751,F
3752,T
3753,F
3754,F
3755,F
3756,F
3757,F
3758,F
3759,F
3760,T
3761,T
3762,F
3763,T
3764,T
3765,F
3766,F
3767,F
3768,T
3769,F
3770,F
3771,F
3772,F
3773,F
3774,T
3775,T
3776,T
3777,F
3778,F
3779,F
3780,T
3781,F
3782,F
3783,T
3784,F
3785,F
3786,F
3787,T
3788,F
3789,F
3790,F
3791,F
3792,T
3793,F
3794,T
3795,T
3796,F
3797,F
3798,T
3799,F
3800,F
3801,F
3802,T
3803,F
3804,F
3805,F
3806,F
3807,T
3808,T
3809,F
3810,F
3811,F
3812,F
3813,F
3814,F
3815,F
3816,F
3817,F
3818,F
3819,F
3820,F
3821,T
3822,T
3823,T
3824,F
3825,T
3826,F
3827,F
3828,F
3829,T
3830,T
3831,F
3832,F
3833,T
3834,F
3835,F
3836,T
3837,F
3838,T
3839,T
3840,F
3841,T
3842,F
3843,T
3844,T
3845,T
3846,F
3847,F
3848,F
3849,T
3850,T
3851,T
3852,F
3853,F
3854,T
3855,F
3856,T
3857,T
3858,T
3859,F
3860,F
3861,F
3862,T
3863,T
3864,T
3865,F
3866,F
3867,F
3868,F
3869,F
3870,F
3871,F
3872,F
3873,F
3874,T
3875,F
3876,T
3877,F
3878,T
3879,T
3880,F
3881,F
3882,F
3883,F
3884,T
3885,F
3886,F
3887,F
3888,F
3889,F
3890,F
3891,F
3892,T
3893,T
3894,F
3895,F
3896,F
3897,F
3898,F
3899,F
3900,F
3901,F
3902,F
3903,F
3904,F
3905,F
3906,F
3907,F
3908,F
3909,F
3910,T
3911,T
3912,T
3913,F
3914,F
3915,F
3916,F
3917,F
3918,F
3919,T
3920,F
3921,F
3922,F
3923,F
3924,T
3925,T
3926,F
3927,F
3928,F
3929,F
3930,T
3931,F
3932,F
3933,F
3934,F
3935,F
3936,F
3937,F
3938,F
3939,T
3940,F
3941,F
3942,T
3943,T
3944,F
3945,F
3946,F
3947,F
3948,F
3949,T
3950,T
3951,F
3952,F
3953,F
3954,F
3955,T
3956,F
3957,F
3958,F
3959,F
3960,F
3961,F
3962,T
3963,T
3964,F
3965,T
3966,T
3967,T
3968,F
3969,T
3970,T
3971,F
3972,F
3973,F
3974,F
3975,F
3976,F
3977,F
3978,F
3979,F
3980,F
3981,F
3982,F
3983,T
3984,T
3985,T
3986,F
3987,F
3988,F
3989,T
3990,F
3991,F
3992,F
3993,T
3994,F
3995,F
3996,T
3997,F
3998,F
3999,T
4000,F
4001,F
4002,F
4003,F
4004,T
4005,T
4006,T
4007,F
4008,F
4009,F
4010,F
4011,T
4012,F
4013,F
4014,F
4015,F
4016,T
4017,F
4018,F
4019,T
4020,F
4021,T
4022,T
4023,F
4024,F
4025,F
4026,T
4027,F
4028,F
4029,F
4030,T
4031,F
4032,T
4033,F
4034,F
4035,F
4036,F
4037,T
4038,T
4039,F
4040,F
4041,F
4042,T
4043,T
4044,F
4045,T
4046,F
4047,F
4048,F
4049,F
4050,T
4051,F
4052,F
4053,T
4054,T
4055,T
4056,T
4057,F
4058,F
4059,T
4060,F
4061,T
4062,F
4063,F
4064,F
4065,T
4066,T
4067,F
4068,F
4069,F
4070,F
4071,T
4072,F
4073,F
4074,F
4075,F
4076,F
4077,F
4078,F
4079,T
4080,T
4081,T
4082,T
4083,F
4084,F
4085,T
4086,F
4087,F
4088,F
4089,F
4090,F
4091,F
4092,T
4093,T
4094,F
4095,F
4096,T
4097,F
4098,F
4099,F
4100,F
4101,F
4102,F
4103,F
4104,F
4105,T
4106,F
4107,F
4108,F
4109,F
4110,F
4111,F
4112,F
4113,T
4114,F
4115,T
4116,T
4117,F
4118,F
4119,F
4120,T
4121,F
4122,T
4123,F
4124,F
4125,F
4126,F
4127,F
4128,F
4129,T
4130,F
4131,T
4132,F
4133,F
4134,T
4135,T
4136,F
4137,F
4138,T
4139,T
4140,T
4141,F
4142,F
4143,F
4144,F
4145,F
4146,F
4147,F
4148,T
4149,F
4150,F
4151,F
4152,T
4153,F
4154,F
4155,T
4156,T
4157,F
4158,F
4159,F
4160,F
4161,F
4162,F
4163,F
4164,F
4165,T
4166,F
4167,F
4168,F
4169,F
4170,T
4171,F
4172,F
4173,F
4174,T
4175,T
4176,F
4177,F
4178,T
4179,T
4180,F
4181,T
4182,F
4183,F
4184,F
4185,T
4186,T
4187,T
4188,T
4189,F
4190,F
4191,T
4192,F
4193,T
4194,T
4195,F
4196,F
4197,F
4198,F
4199,F
4200,F
4201,T
4202,T
4203,F
4204,T
4205,F
4206,T
4207,F
4208,F
4209,F
4210,F
4211,F
4212,F
4213,F
4214,T
4215,T
4216,F
4217,F
4218,F
4219,T
4220,T
4221,F
4222,T
4223,T
4224,F
4225,T
4226,F
4227,T
4228,F
4229,F
4230,F
4231,F
4232,F
4233,T
4234,F
4235,F
4236,F
4237,T
4238,T
4239,T
4240,T
4241,F
4242,T
4243,T
4244,F
4245,F
4246,T
4247,F
4248,T
4249,T
4250,T
4251,T
4252,F
4253,F
4254,F
4255,F
4256,F
4257,F
4258,F
4259,T
4260,F
4261,F
4262,F
4263,T
4264,F
4265,F
4266,F
4267,F
4268,F
4269,T
4270,T
4271,T
4272,F
4273,F
4274,T
4275,T
4276,F
4277,T
4278,F
4279,T
4280,T
4281,F
4282,F
4283,F
4284,F
4285,F
4286,F
4287,T
4288,T
4289,F
4290,F
4291,F
4292,T
4293,T
4294,F
4295,F
4296,F
4297,F
4298,F
4299,T
4300,F
4301,F
4302,F
4303,F
4304,T
4305,T
4306,T
4307,F
4308,F
4309,T
4310,F
4311,F
4312,F
4313,F
4314,F
4315,T
4316,F
4317,T
4318,F
4319,T
4320,F
4321,T
4322,F
4323,F
4324,F
4325,F
4326,F
4327,F
4328,F
4329,F
4330,F
4331,T
4332,F
4333,T
4334,F
4335,F
4336,F
4337,F
4338,F
4339,T
4340,F
4341,T
4342,F
4343,F
4344,F
4345,T
4346,F
4347,F
4348,F
4349,F
4350,F
4351,F
4352,F
4353,F
4354,F
4355,T
4356,T
4357,F
4358,F
4359,F
4360,T
4361,T
4362,F
4363,T
4364,T
4365,T
4366,F
4367,F
4368,F
4369,F
4370,F
4371,F
4372,F
4373,F
4374,T
4375,F
4376,T
4377,F
4378,T
4379,F
4380,T
4381,T
4382,F
4383,T
4384,T
4385,T
4386,F
4387,F
4388,F
4389,F
4390,F
4391,T
4392,F
4393,F
4394,F
4395,F
4396,F
4397,F
4398,F
4399,F
4400,F
4401,F
4402,F
4403,T
4404,F
4405,F
4406,F
4407,F
4408,F
4409,F
4410,F
4411,F
4412,T
4413,F
4414,F
4415,F
4416,F
4417,F
4418,F
4419,F
4420,F
4421,F
4422,F
4423,F
4424,F
4425,F
4426,F
4427,F
4428,F
4429,T
4430,T
4431,T
4432,T
4433,F
4434,F
4435,T
4436,T
4437,T
4438,T
4439,T
4440,F
4441,F
4442,F
4443,F
4444,F
4445,F
4446,T
4447,T
4448,F
4449,F
4450,F
4451,F
4452,T
4453,F
4454,T
4455,F
4456,F
4457,F
4458,F
4459,T
4460,F
4461,T
4462,F
4463,F
4464,T
4465,T
4466,F
4467,T
4468,F
4469,T
4470,F
4471,F
4472,F
4473,T
4474,F
4475,F
4476,F
4477,F
4478,F
4479,F
4480,T
4481,T
4482,F
4483,F
4484,F
4485,T
4486,F
4487,F
4488,F
4489,F
4490,T
4491,F
4492,T
4493,F
4494,F
4495,T
4496,F
4497,F
4498,T
4499,F
4500,F
4501,T
4502,F
4503,F
4504,F
4505,F
4506,T
4507,T
4508,T
4509,F
4510,T
4511,T
4512,T
4513,F
4514,F
4515,F
4516,F
4517,T
4518,F
4519,F
4520,F
4521,T
4522,F
4523,F
4524,F
4525,F
4526,F
4527,F
4528,F
4529,F
4530,T
4531,F
4532,F
4533,T
4534,F
4535,F
4536,F
4537,F
4538,F
4539,F
4540,F
4541,T
4542,T
4543,F
4544,F
4545,T
4546,F
4547,F
4548,F
4549,F
4550,F
4551,F
4552,F
4553,F
4554,F
4555,T
4556,T
4557,T
4558,F
4559,F
4560,F
4561,F
4562,F
4563,F
4564,T
4565,F
4566,T
4567,T
4568,F
4569,T
4570,T
4571,T
4572,F
4573,T
4574,F
4575,T
4576,T
4577,F
4578,T
4579,F
4580,F
4581,F
4582,F
4583,F
4584,F
4585,F
4586,T
4587,F
4588,T
4589,F
4590,F
4591,F
4592,F
4593,T
4594,F
4595,F
4596,F
4597,F
4598,F
4599,F
4600,F
4601,F
4602,T
4603,F
4604,T
4605,T
4606,T
4607,F
4608,T
4609,F
4610,F
4611,F
4612,T
4613,F
4614,F
4615,F
4616,T
4617,T
4618,F
4619,F
4620,T
4621,T
4622,F
4623,T
4624,T
4625,F
4626,F
4627,T
4628,F
4629,T
4630,F
4631,F
4632,T
4633,T
4634,T
4635,F
4636,F
4637,F
4638,F
4639,F
4640,T
4641,F
4642,F
4643,F
4644,T
4645,T
4646,T
4647,F
4648,T
4649,T
4650,T
4651,F
4652,F
4653,F
4654,F
4655,T
4656,F
4657,T
4658,F
4659,T
4660,F
4661,F
4662,F
4663,T
4664,F
4665,F
4666,T
4667,F
4668,F
4669,F
4670,F
4671,F
4672,T
4673,F
4674,F
4675,F
4676,T
4677,T
4678,F
4679,F
4680,F
4681,T
4682,F
4683,T
4684,F
4685,F
4686,F
4687,F
4688,F
4689,F
4690,F
4691,T
4692,T
4693,F
4694,F
4695,F
4696,T
4697,F
4698,T
4699,F
4700,F
4701,F
4702,F
4703,T
4704,F
4705,F
4706,T
4707,F
4708,F
4709,F
4710,F
4711,F
4712,F
4713,F
4714,F
4715,F
4716,T
4717,F
4718,F
4719,F
4720,T
4721,T
4722,F
4723,F
4724,F
4725,F
4726,F
4727,F
4728,F
4729,F
4730,F
4731,F
4732,F
4733,T
4734,T
4735,F
4736,F
4737,F
4738,F
4739,F
4740,F
4741,T
4742,F
4743,F
4744,F
4745,F
4746,T
4747,F
4748,F
4749,T
4750,F
4751,F
4752,F
4753,F
4754,T
4755,T
4756,T
4757,F
4758,F
4759,F
4760,F
4761,T
4762,T
4763,F
4764,T
4765,F
4766,F
4767,F
4768,F
4769,F
4770,F
4771,F
4772,T
4773,F
4774,T
4775,F
4776,F
4777,F
4778,F
4779,T
4780,F
4781,T
4782,F
4783,F
4784,F
4785,F
4786,F
4787,F
4788,F
4789,F
4790,F
4791,F
4792,F
4793,T
4794,T
4795,F
4796,F
4797,T
4798,F
4799,F
4800,F
4801,F
4802,T
4803,T
4804,F
4805,F
4806,T
4807,F
4808,F
4809,F
4810,F
4811,F
4812,F
4813,T
4814,T
4815,T
4816,T
4817,T
4818,F
4819,T
4820,F
4821,T
4822,F
4823,F
4824,T
4825,F
4826,T
4827,F
4828,T
4829,F
4830,F
4831,T
4832,F
4833,F
4834,T
4835,F
4836,F
4837,T
4838,T
4839,F
4840,T
4841,F
4842,F
4843,F
4844,F
4845,F
4846,T
4847,F
4848,F
4849,T
4850,T
4851,T
4852,T
4853,T
4854,F
4855,T
4856,F
4857,T
4858,F
4859,F
4860,F
4861,T
4862,F
4863,F
4864,T
4865,F
4866,T
4867,F
4868,F
4869,T
4870,T
4871,F
4872,F
4873,F
4874,F
4875,F
4876,F
4877,T
4878,T
4879,T
4880,T
4881,F
4882,F
4883,T
4884,F
4885,T
4886,T
4887,F
4888,F
4889,F
4890,T
4891,F
4892,F
4893,F
4894,T
4895,F
4896,F
4897,F
4898,T
4899,F
4900,F
4901,F
4902,T
4903,F
4904,T
4905,T
4906,F
4907,T
4908,F
4909,T
4910,F
4911,F
4912,F
4913,F
4914,F
4915,T
4916,T
4917,F
4918,F
4919,F
4920,F
4921,F
4922,F
4923,T
4924,F
4925,F
4926,T
4927,F
4928,F
4929,F
4930,T
4931,T
4932,F
4933,F
4934,F
4935,F
4936,T
4937,T
4938,F
4939,F
4940,F
4941,F
4942,T
4943,F
4944,F
4945,T
4946,F
4947,F
4948,T
4949,T
4950,F
4951,F
4952,T
4953,F
4954,F
4955,F
4956,T
4957,F
4958,T
4959,F
4960,F
4961,F
4962,F
4963,T
4964,T
4965,T
4966,F
4967,T
4968,F
4969,F
4970,F
4971,T
4972,F
4973,F
4974,F
4975,F
4976,F
4977,F
4978,T
4979,F
4980,T
4981,F
4982,T
4983,F
4984,F
4985,T
4986,T
4987,F
4988,F
4989,F
4990,F
4991,F
4992,T
4993,F
4994,T
4995,F
4996,T
4997,T
4998,T
4999,F
5000,T
5001,F
5002,T
5003,T
5004,T
5005,F
5006,T
5007,T
5008,T
5009,T
5010,F
5011,T
5012,F
5013,F
5014,F
5015,T
5016,T
5017,T
5018,F
5019,F
5020,F
5021,F
5022,F
5023,F
5024,F
5025,T
5026,F
5027,T
5028,T
5029,T
5030,T
5031,T
5032,T
5033,T
5034,F
5035,F
5036,T
5037,F
5038,F
5039,T
5040,F
5041,T
5042,T
5043,F
5044,T
5045,F
5046,T
5047,F
5048,F
5049,F
5050,T
5051,F
5052,F
5053,F
5054,F
5055,T
5056,F
5057,F
5058,F
5059,T
5060,F
5061,T
5062,T
5063,T
5064,F
5065,F
5066,T
5067,T
5068,F
5069,F
5070,F
5071,F
5072,F
5073,T
5074,F
5075,F
5076,F
5077,F
5078,F
5079,T
5080,F
5081,F
5082,F
5083,F
5084,F
5085,F
5086,F
5087,T
5088,F
5089,F
5090,F
5091,F
5092,T
5093,T
5094,F
5095,T
5096,T
5097,T
5098,F
5099,F
5100,T
5101,F
5102,T
5103,T
5104,T
5105,T
5106,F
5107,T
5108,F
5109,F
5110,T
5111,F
5112,F
5113,F
5114,T
5115,F
5116,T
5117,F
5118,T
5119,F
5120,F
5121,T
5122,F
5123,T
5124,F
5125,F
5126,F
5127,F
5128,F
5129,F
5130,F
5131,F
5132,F
5133,F
5134,T
5135,T
5136,F
5137,T
5138,F
5139,F
5140,F
5141,F
5142,F
5143,T
5144,F
5145,F
5146,F
5147,F
5148,T
5149,F
5150,F
5151,F
5152,F
5153,F
5154,F
5155,T
5156,T
5157,T
5158,T
5159,F
5160,F
5161,T
5162,T
5163,F
5164,F
5165,T
5166,F
5167,F
5168,T
5169,F
5170,F
5171,F
5172,F
5173,F
5174,F
5175,F
5176,F
5177,F
5178,F
5179,F
5180,T
5181,T
5182,F
5183,T
5184,T
5185,F
5186,F
5187,T
5188,F
5189,T
5190,F
5191,F
5192,F
5193,T
5194,T
5195,T
5196,F
5197,F
5198,T
5199,T
5200,F
5201,F
5202,T
5203,T
5204,T
5205,F
5206,F
5207,F
5208,T
5209,F
5210,F
5211,T
5212,T
5213,F
5214,F
5215,F
5216,T
5217,F
5218,F
5219,T
5220,F
5221,F
5222,F
5223,F
5224,T
5225,F
5226,T
5227,T
5228,F
5229,F
5230,F
5231,F
5232,T
5233,T
5234,T
5235,T
5236,F
5237,F
5238,F
5239,F
5240,F
5241,F
5242,F
5243,F
5244,F
5245,T
5246,F
5247,F
5248,F
5249,F
5250,T
5251,T
5252,F
5253,T
5254,F
5255,T
5256,T
5257,F
5258,F
5259,F
5260,F
5261,F
5262,T
5263,T
5264,F
5265,F
5266,F
5267,F
5268,T
5269,F
5270,F
5271,T
5272,F
5273,F
5274,F
5275,T
5276,F
5277,T
5278,F
5279,T
5280,F
5281,T
5282,F
5283,T
5284,T
5285,F
5286,T
5287,F
5288,F
5289,F
5290,F
5291,F
5292,F
5293,T
5294,F
5295,F
5296,F
5297,F
5298,F
5299,F
5300,F
5301,F
5302,F
5303,F
5304,F
5305,F
5306,F
5307,F
5308,T
5309,T
5310,F
5311,F
5312,F
5313,F
5314,T
5315,F
5316,F
5317,F
5318,T
5319,F
5320,T
5321,F
5322,T
5323,T
5324,F
5325,F
5326,F
5327,T
5328,F
5329,T
5330,T
5331,F
5332,F
5333,F
5334,F
5335,F
5336,T
5337,F
5338,T
5339,F
5340,F
5341,F
5342,T
5343,F
5344,T
5345,T
5346,F
5347,F
5348,T
5349,F
5350,T
5351,F
5352,F
5353,T
5354,F
5355,T
5356,F
5357,F
5358,F
5359,F
5360,T
5361,F
5362,F
5363,F
5364,T
5365,T
5366,T
5367,T
5368,F
5369,F
5370,F
5371,F
5372,F
5373,T
5374,T
5375,F
5376,T
5377,F
5378,T
5379,F
5380,T
5381,F
5382,F
5383,T
5384,F
5385,F
5386,T
5387,F
5388,F
5389,T
5390,F
5391,T
5392,T
5393,T
5394,F
5395,F
5396,F
5397,T
5398,T
5399,F
5400,T
5401,F
5402,F
5403,T
5404,T
5405,F
5406,F
5407,T
5408,F
5409,T
5410,F
5411,F
5412,T
5413,F
5414,F
5415,F
5416,F
5417,F
5418,T
5419,T
5420,F
5421,F
5422,F
5423,F
5424,T
5425,F
5426,F
5427,T
5428,F
5429,F
5430,T
5431,F
5432,F
5433,T
5434,T
5435,T
5436,F
5437,F
5438,F
5439,F
5440,T
5441,T
5442,F
5443,F
5444,F
5445,F
5446,F
5447,F
5448,F
5449,F
5450,F
5451,F
5452,F
5453,F
5454,F
5455,F
5456,F
5457,F
5458,T
5459,F
5460,F
5461,F
5462,T
5463,T
5464,F
5465,F
5466,T
5467,F
5468,T
5469,F
5470,F
5471,T
5472,F
5473,T
5474,F
5475,F
5476,T
5477,F
5478,T
5479,F
5480,T
5481,F
5482,F
5483,T
5484,T
5485,F
5486,T
5487,F
5488,F
5489,F
5490,F
5491,F
5492,F
5493,T
5494,F
5495,F
5496,F
5497,F
5498,F
5499,F
5500,T
5501,T
5502,F
5503,T
5504,F
5505,T
5506,F
5507,T
5508,F
5509,F
5510,T
5511,F
5512,F
5513,F
5514,T
5515,F
5516,F
5517,F
5518,F
5519,F
5520,F
5521,T
5522,T
5523,F
5524,F
5525,T
5526,F
5527,F
5528,F
5529,T
5530,F
5531,T
5532,T
5533,T
5534,T
5535,T
5536,F
5537,F
5538,F
5539,F
5540,T
5541,F
5542,F
5543,T
5544,F
5545,T
5546,F
5547,F
5548,T
5549,F
5550,F
5551,T
5552,F
5553,T
5554,T
5555,T
5556,F
5557,F
5558,F
5559,T
5560,F
5561,T
5562,T
5563,F
5564,T
5565,F
5566,T
5567,F
5568,T
5569,T
5570,F
5571,T
5572,F
5573,T
5574,F
5575,F
5576,T
5577,F
5578,F
5579,F
5580,F
5581,F
5582,F
5583,F
5584,F
5585,F
5586,T
5587,F
5588,T
5589,F
5590,F
5591,T
5592,F
5593,T
5594,F
5595,F
5596,T
5597,T
5598,T
5599,F
5600,F
5601,F
5602,F
5603,F
5604,F
5605,T
5606,F
5607,F
5608,T
5609,F
5610,T
5611,F
5612,F
5613,F
5614,F
5615,T
5616,F
5617,F
5618,F
5619,F
5620,F
5621,F
5622,F
5623,T
5624,F
5625,F
5626,T
5627,F
5628,F
5629,T
5630,F
5631,F
5632,T
5633,F
5634,F
5635,F
5636,F
5637,F
5638,T
5639,F
5640,T
5641,F
5642,T
5643,T
5644,F
5645,F
5646,T
5647,F
5648,T
5649,T
5650,F
5651,F
5652,F
5653,F
5654,F
5655,F
5656,T
5657,F
5658,F
5659,T
5660,F
5661,F
5662,F
5663,F
5664,T
5665,F
5666,T
5667,F
5668,F
5669,T
5670,F
5671,T
5672,F
5673,F
5674,F
5675,T
5676,F
5677,F
5678,F
5679,T
5680,F
5681,T
5682,T
5683,F
5684,F
5685,F
5686,F
5687,F
5688,T
5689,F
5690,T
5691,T
5692,F
5693,F
5694,T
5695,F
5696,F
5697,F
5698,F
5699,T
5700,F
5701,T
5702,T
5703,F
5704,F
5705,F
5706,T
5707,F
5708,F
5709,F
5710,T
5711,F
5712,F
5713,F
5714,F
5715,T
5716,T
5717,F
5718,T
5719,F
5720,T
5721,F
5722,T
5723,F
5724,T
5725,T
5726,T
5727,T
5728,T
5729,F
5730,F
5731,T
5732,F
5733,F
5734,T
5735,T
5736,T
5737,T
5738,F
5739,F
5740,F
5741,F
5742,T
5743,F
5744,F
5745,T
5746,F
5747,T
5748,F
5749,F
5750,F
5751,T
5752,T
5753,F
5754,F
5755,T
5756,T
5757,T
5758,F
5759,F
5760,F
5761,F
5762,T
5763,F
5764,F
5765,F
5766,T
5767,F
5768,F
5769,F
5770,T
5771,T
5772,F
5773,F
5774,F
5775,F
5776,F
5777,F
5778,F
5779,F
5780,F
5781,F
5782,F
5783,F
5784,F
5785,T
5786,F
5787,F
5788,F
5789,F
5790,F
5791,F
5792,F
5793,T
5794,F
5795,F
5796,F
5797,F
5798,F
5799,F
5800,F
5801,F
5802,F
5803,T
5804,F
5805,F
5806,F
5807,F
5808,F
5809,T
5810,F
5811,T
5812,F
5813,F
5814,T
5815,F
5816,T
5817,T
5818,F
5819,T
5820,F
5821,F
5822,T
5823,T
5824,F
5825,F
5826,F
5827,T
5828,F
5829,F
5830,F
5831,T
5832,F
5833,F
5834,F
5835,F
5836,F
5837,T
5838,F
5839,F
5840,T
5841,F
5842,F
5843,F
5844,F
5845,F
5846,T
5847,F
5848,F
5849,F
5850,T
5851,F
5852,F
5853,F
5854,T
5855,F
5856,T
5857,F
5858,T
5859,F
5860,F
5861,F
5862,F
5863,T
5864,T
5865,F
5866,F
5867,F
5868,F
5869,F
5870,F
5871,F
5872,F
5873,T
5874,T
5875,T
5876,F
5877,T
5878,F
5879,T
5880,F
5881,T
5882,T
5883,T
5884,F
5885,F
5886,F
5887,F
5888,F
5889,T
5890,F
5891,F
5892,F
5893,F
5894,F
5895,F
5896,F
5897,T
5898,F
5899,T
5900,F
5901,F
5902,F
5903,F
5904,F
5905,T
5906,F
5907,F
5908,F
5909,F
5910,F
5911,F
5912,F
5913,F
5914,T
5915,T
5916,T
5917,F
5918,F
5919,T
5920,T
5921,F
5922,T
5923,F
5924,F
5925,F
5926,F
5927,F
5928,F
5929,F
5930,F
5931,T
5932,F
5933,T
5934,F
5935,T
5936,F
5937,T
5938,T
5939,T
5940,F
5941,F
5942,F
5943,T
5944,F
5945,T
5946,F
5947,T
5948,F
5949,F
5950,T
5951,F
5952,F
5953,T
5954,F
5955,T
5956,T
5957,T
5958,F
5959,F
5960,F
5961,T
5962,F
5963,F
5964,T
5965,T
5966,F
5967,T
5968,T
5969,F
5970,F
5971,T
5972,F
5973,T
5974,F
5975,T
5976,F
5977,F
5978,T
5979,F
5980,F
5981,F
5982,F
5983,F
5984,F
5985,T
5986,T
5987,T
5988,T
5989,T
5990,F
5991,F
5992,T
5993,F
5994,F
5995,F
5996,F
5997,F
5998,F
5999,F
6000,T
6001,T
6002,F
6003,F
6004,F
6005,T
6006,T
6007,F
6008,F
6009,T
6010,F
6011,F
6012,F
6013,T
6014,T
6015,F
6016,F
6017,F
6018,F
6019,T
6020,F
6021,F
6022,F
6023,F
6024,F
6025,F
6026,F
6027,F
6028,T
6029,F
6030,F
6031,F
6032,F
6033,F
6034,F
6035,F
6036,F
6037,T
6038,T
6039,T
6040,T
6041,T
6042,T
6043,T
6044,F
6045,T
6046,F
6047,F
6048,F
6049,F
6050,F
6051,F
6052,F
6053,F
6054,F
6055,F
6056,F
6057,F
6058,F
6059,F
6060,T
6061,T
6062,F
6063,F
6064,F
6065,T
6066,T
6067,T
6068,F
6069,T
6070,F
6071,F
6072,T
6073,F
6074,F
6075,F
6076,T
6077,F
6078,F
6079,F
6080,F
6081,F
6082,F
6083,T
6084,F
6085,T
6086,F
6087,T
6088,F
6089,F
6090,F
6091,F
6092,F
6093,F
6094,F
6095,F
6096,F
6097,F
6098,F
6099,F
6100,F
6101,F
6102,F
6103,T
6104,F
6105,F
6106,F
6107,F
6108,T
6109,T
6110,T
6111,F
6112,F
6113,F
6114,F
6115,F
6116,F
6117,T
6118,F
6119,F
6120,F
6121,F
6122,F
6123,F
6124,F
6125,T
6126,T
6127,F
6128,F
6129,F
6130,F
6131,F
6132,F
6133,F
6134,T
6135,F
6136,F
6137,F
6138,T
6139,F
6140,F
6141,T
6142,F
6143,F
6144,F
6145,F
6146,T
6147,T
6148,F
6149,T
6150,F
6151,F
6152,F
6153,F
6154,F
6155,F
6156,T
6157,F
6158,T
6159,F
6160,F
6161,F
6162,F
6163,F
6164,F
6165,F
6166,T
6167,F
6168,T
6169,F
6170,T
6171,F
6172,F
6173,F
6174,F
6175,F
6176,F
6177,F
6178,T
6179,F
6180,T
6181,F
6182,F
6183,F
6184,F
6185,T
6186,F
6187,F
6188,T
6189,T
6190,F
6191,T
6192,F
6193,T
6194,F
6195,T
6196,F
6197,F
6198,F
6199,T
6200,T
6201,F
6202,F
6203,T
6204,T
6205,F
6206,F
6207,T
6208,F
6209,T
6210,F
6211,F
6212,F
6213,T
6214,F
6215,T
6216,T
6217,T
6218,F
6219,F
6220,F
6221,T
6222,F
6223,T
6224,F
6225,F
6226,T
6227,T
6228,F
6229,F
6230,T
6231,F
6232,T
6233,F
6234,F
6235,T
6236,F
6237,F
6238,F
6239,F
6240,F
6241,F
6242,F
6243,T
6244,F
6245,F
6246,T
6247,F
6248,F
6249,F
6250,T
6251,T
6252,T
6253,F
6254,F
6255,T
6256,F
6257,F
6258,F
6259,F
6260,T
6261,F
6262,F
6263,F
6264,T
6265,T
6266,F
6267,F
6268,F
6269,F
6270,T
6271,F
6272,F
6273,F
6274,F
6275,F
6276,F
6277,F
6278,F
6279,T
6280,F
6281,F
6282,F
6283,T
6284,F
6285,T
6286,T
6287,F
6288,F
6289,T
6290,F
6291,F
6292,F
6293,F
6294,T
6295,T
6296,F
6297,T
6298,F
6299,F
6300,F
6301,F
6302,F
6303,F
6304,T
6305,T
6306,F
6307,T
6308,F
6309,F
6310,F
6311,F
6312,T
6313,F
6314,F
6315,F
6316,F
6317,T
6318,T
6319,F
6320,T
6321,F
6322,F
6323,F
6324,T
6325,F
6326,F
6327,T
6328,F
6329,F
6330,T
6331,F
6332,T
6333,F
6334,T
6335,F
6336,F
6337,T
6338,F
6339,F
6340,F
6341,F
6342,T
6343,F
6344,F
6345,T
6346,T
6347,F
6348,T
6349,T
6350,T
6351,F
6352,F
6353,F
6354,T
6355,F
6356,F
6357,F
6358,F
6359,T
6360,T
6361,F
6362,T
6363,F
6364,T
6365,F
6366,F
6367,F
6368,F
6369,F
6370,T
6371,F
6372,T
6373,F
6374,T
6375,T
6376,T
6377,F
6378,F
6379,T
6380,T
6381,F
6382,T
6383,F
6384,T
6385,T
6386,F
6387,T
6388,F
6389,F
6390,F
6391,F
6392,T
6393,F
6394,F
6395,F
6396,F
6397,F
6398,T
6399,F
6400,F
6401,F
6402,F
6403,F
6404,T
6405,F
6406,F
6407,F
6408,F
6409,T
6410,F
6411,F
6412,T
6413,T
6414,F
6415,T
6416,F
6417,T
6418,F
6419,F
6420,F
6421,T
6422,T
6423,T
6424,F
6425,T
6426,F
6427,T
6428,T
6429,F
6430,F
6431,T
6432,F
6433,F
6434,F
6435,F
6436,F
6437,T
6438,F
6439,F
6440,F
6441,F
6442,F
6443,T
6444,F
6445,F
6446,F
6447,F
6448,T
6449,F
6450,F
6451,F
6452,T
6453,T
6454,F
6455,T
6456,F
6457,F
6458,F
6459,T
6460,F
6461,F
6462,F
6463,T
6464,F
6465,F
6466,T
6467,F
6468,T
6469,F
6470,F
6471,F
6472,T
6473,T
6474,F
6475,T
6476,F
6477,F
6478,T
6479,T
6480,F
6481,F
6482,F
6483,F
6484,F
6485,T
6486,F
6487,F
6488,T
6489,F
6490,F
6491,T
6492,F
6493,F
6494,F
6495,F
6496,T
6497,T
6498,T
6499,F
6500,F
6501,F
6502,T
6503,T
6504,F
6505,F
6506,F
6507,F
6508,T
6509,F
6510,F
6511,F
6512,T
6513,F
6514,F
6515,T
6516,F
6517,F
6518,T
6519,F
6520,F
6521,F
6522,F
6523,F
6524,T
6525,F
6526,F
6527,F
6528,T
6529,T
6530,F
6531,T
6532,F
6533,T
6534,F
6535,F
6536,F
6537,F
6538,T
6539,F
6540,F
6541,T
6542,F
6543,F
6544,T
6545,F
6546,T
6547,T
6548,T
6549,F
6550,F
6551,T
6552,F
6553,F
6554,T
6555,T
6556,T
6557,F
6558,T
6559,F
6560,F
6561,F
6562,T
6563,T
6564,F
6565,F
6566,F
6567,F
6568,T
6569,F
6570,F
6571,T
6572,T
6573,F
6574,F
6575,T
6576,T
6577,T
6578,F
6579,F
6580,F
6581,F
6582,F
6583,T
6584,T
6585,F
6586,F
6587,F
6588,F
6589,T
6590,F
6591,F
6592,T
6593,T
6594,F
6595,F
6596,T
6597,F
6598,T
6599,F
6600,F
6601,T
6602,T
6603,F
6604,T
6605,F
6606,F
6607,F
6608,F
6609,F
6610,F
6611,F
6612,T
6613,F
6614,F
6615,F
6616,T
6617,T
6618,F
6619,T
6620,T
6621,F
6622,T
6623,F
6624,F
6625,F
6626,F
6627,F
6628,F
6629,F
6630,F
6631,T
6632,F
6633,F
6634,T
6635,T
6636,F
6637,T
6638,T
6639,T
6640,F
6641,T
6642,F
6643,F
6644,F
6645,T
6646,T
6647,T
6648,F
6649,F
6650,F
6651,T
6652,F
6653,F
6654,F
6655,F
6656,T
6657,F
6658,F
6659,F
6660,T
6661,F
6662,F
6663,F
6664,T
6665,T
6666,F
6667,F
6668,F
6669,F
6670,F
6671,F
6672,F
6673,F
6674,T
6675,T
6676,F
6677,F
6678,T
6679,T
6680,F
6681,T
6682,F
6683,F
6684,F
6685,F
6686,F
6687,F
6688,T
6689,T
6690,F
6691,F
6692,T
6693,T
6694,F
6695,F
6696,F
6697,F
6698,F
6699,F
6700,F
6701,F
6702,F
6703,F
6704,F
6705,F
6706,F
6707,T
6708,F
6709,F
6710,T
6711,T
6712,T
6713,F
6714,T
6715,F
6716,T
6717,F
6718,F
6719,T
6720,T
6721,T
6722,T
6723,F
6724,F
6725,F
6726,F
6727,F
6728,F
6729,T
6730,F
6731,F
6732,F
6733,F
6734,F
6735,T
6736,F
6737,F
6738,F
6739,F
6740,T
6741,F
6742,T
6743,T
6744,F
6745,T
6746,F
6747,T
6748,T
6749,T
6750,T
6751,F
6752,F
6753,F
6754,F
6755,T
6756,T
6757,T
6758,F
6759,F
6760,F
6761,T
6762,F
6763,F
6764,F
6765,F
6766,F
6767,T
6768,T
6769,F
6770,F
6771,F
6772,T
6773,F
6774,F
6775,F
6776,T
6777,F
6778,T
6779,F
6780,F
6781,F
6782,F
6783,F
6784,T
6785,T
6786,F
6787,T
6788,F
6789,T
6790,F
6791,T
6792,T
6793,F
6794,F
6795,F
6796,T
6797,F
6798,F
6799,T
6800,F
6801,F
6802,T
6803,F
6804,F
6805,F
6806,F
6807,T
6808,F
6809,T
6810,F
6811,F
6812,T
6813,T
6814,F
6815,F
6816,F
6817,T
6818,F
6819,F
6820,F
6821,F
6822,F
6823,F
6824,F
6825,F
6826,F
6827,T
6828,T
6829,T
6830,F
6831,T
6832,F
6833,F
6834,F
6835,T
6836,F
6837,T
6838,F
6839,F
6840,F
6841,T
6842,F
6843,F
6844,T
6845,T
6846,F
6847,F
6848,T
6849,T
6850,F
6851,F
6852,T
6853,T
6854,T
6855,F
6856,T
6857,F
6858,F
6859,F
6860,F
6861,F
6862,F
6863,F
6864,F
6865,T
6866,F
6867,T
6868,T
6869,T
6870,T
6871,F
6872,T
6873,T
6874,F
6875,F
6876,F
6877,F
6878,T
6879,F
6880,F
6881,F
6882,T
6883,F
6884,T
6885,F
6886,F
6887,F
6888,T
6889,F
6890,F
6891,T
6892,F
6893,F
6894,F
6895,F
6896,F
6897,T
6898,F
6899,T
6900,F
6901,F
6902,F
6903,T
6904,F
6905,T
6906,F
6907,T
6908,F
6909,F
6910,F
6911,F
6912,T
6913,F
6914,F
6915,T
6916,T
6917,T
6918,T
6919,F
6920,T
6921,F
6922,T
6923,F
6924,T
6925,F
6926,T
6927,T
6928,F
6929,F
6930,T
6931,F
6932,F
6933,T
6934,F
6935,F
6936,F
6937,T
6938,F
6939,F
6940,F
6941,T
6942,F
6943,F
6944,F
6945,F
6946,F
6947,F
6948,F
6949,F
6950,F
6951,T
6952,F
6953,F
6954,F
6955,F
6956,F
6957,T
6958,F
6959,F
6960,F
6961,F
6962,F
6963,T
6964,T
6965,F
6966,T
6967,F
6968,T
6969,T
6970,F
6971,F
6972,F
6973,F
6974,F
6975,F
6976,F
6977,T
6978,F
6979,F
6980,F
6981,T
6982,F
6983,F
6984,T
6985,T
6986,T
6987,F
6988,F
6989,T
6990,F
6991,T
6992,F
6993,T
6994,T
6995,T
6996,F
6997,F
6998,F
6999,T
7000,T
7001,F
7002,T
7003,F
7004,T
7005,T
7006,T
7007,T
7008,F
7009,T
7010,T
7011,F
7012,F
7013,F
7014,F
7015,T
7016,F
7017,T
7018,F
7019,F
7020,T
7021,T
7022,F
7023,F
7024,T
7025,F
7026,T
7027,F
7028,F
7029,F
7030,F
7031,F
7032,T
7033,T
7034,T
7035,T
7036,F
7037,F
7038,F
7039,T
7040,F
7041,F
7042,F
7043,F
7044,F
7045,T
7046,T
7047,F
7048,F
7049,F
7050,F
7051,T
7052,F
7053,F
7054,F
7055,F
7056,F
7057,T
7058,F
7059,T
7060,F
7061,T
7062,F
7063,T
7064,F
7065,F
7066,F
7067,T
7068,T
7069,F
7070,F
7071,T
7072,F
7073,T
7074,T
7075,F
7076,T
7077,T
7078,F
7079,F
7080,T
7081,T
7082,T
7083,F
7084,F
7085,T
7086,T
7087,F
7088,F
7089,T
7090,T
7091,T
7092,F
7093,F
7094,F
7095,T
7096,T
7097,F
7098,F
7099,F
7100,T
7101,F
7102,T
7103,F
7104,F
7105,F
7106,F
7107,T
7108,F
7109,T
7110,T
7111,F
7112,T
7113,T
7114,T
7115,F
7116,T
7117,T
7118,F
7119,F
7120,F
7121,T
7122,T
7123,T
7124,F
7125,F
7126,T
7127,T
7128,T
7129,F
7130,F
7131,F
7132,T
7133,F
7134,T
7135,F
7136,T
7137,F
7138,F
7139,T
7140,T
7141,F
7142,T
7143,T
7144,F
7145,F
7146,T
7147,F
7148,F
7149,T
7150,T
7151,T
7152,T
7153,F
7154,F
7155,F
7156,F
7157,T
7158,F
7159,F
7160,T
7161,F
7162,T
7163,T
7164,F
7165,T
7166,F
7167,F
7168,F
7169,F
7170,T
7171,F
7172,F
7173,T
7174,F
7175,T
7176,T
7177,F
7178,T
7179,F
7180,F
7181,T
7182,T
7183,F
7184,F
7185,T
7186,F
7187,F
7188,F
7189,F
7190,F
7191,T
7192,F
7193,T
7194,F
7195,F
7196,F
7197,F
7198,T
7199,T
7200,F
7201,F
7202,F
7203,F
7204,F
7205,T
7206,F
7207,F
7208,F
7209,T
7210,F
7211,F
7212,T
7213,F
7214,T
7215,T
7216,F
7217,T
7218,F
7219,F
7220,F
7221,F
7222,F
7223,F
7224,F
7225,F
7226,T
7227,F
7228,T
7229,T
7230,F
7231,T
7232,T
7233,F
7234,F
7235,F
7236,T
7237,T
7238,F
7239,F
7240,F
7241,F
7242,F
7243,F
7244,T
7245,T
7246,F
7247,T
7248,F
7249,T
7250,F
7251,F
7252,T
7253,F
7254,F
7255,T
7256,T
7257,F
7258,F
7259,F
7260,F
7261,F
7262,F
7263,T
7264,T
7265,F
7266,T
7267,F
7268,F
7269,F
7270,F
7271,F
7272,F
7273,F
7274,F
7275,F
7276,T
7277,F
7278,T
7279,T
7280,F
7281,T
7282,F
7283,F
7284,T
7285,F
7286,F
7287,F
7288,F
7289,F
7290,F
7291,T
7292,T
7293,F
7294,F
7295,T
7296,T
7297,F
7298,T
7299,F
7300,F
7301,F
7302,T
7303,F
7304,T
7305,F
7306,F
7307,F
7308,T
7309,F
7310,F
7311,T
7312,F
7313,T
7314,F
7315,F
7316,F
7317,T
7318,F
7319,T
7320,T
7321,T
7322,T
7323,F
7324,F
7325,F
7326,F
7327,F
7328,F
7329,F
7330,T
7331,F
7332,T
7333,T
7334,F
7335,F
7336,F
7337,T
7338,T
7339,F
7340,T
7341,F
7342,T
7343,F
7344,T
7345,T
7346,F
7347,T
7348,T
7349,F
7350,F
7351,T
7352,F
7353,F
7354,F
7355,F
7356,T
7357,T
7358,T
7359,F
7360,F
7361,F
7362,F
7363,T
7364,T
7365,T
7366,F
7367,F
7368,T
7369,T
7370,T
7371,F
7372,T
7373,F
7374,F
7375,F
7376,F
7377,T
7378,F
7379,T
7380,F
7381,T
7382,T
7383,F
7384,T
7385,F
7386,F
7387,F
7388,F
7389,F
7390,F
7391,F
7392,F
7393,F
7394,F
7395,F
7396,F
7397,T
7398,F
7399,F
7400,F
7401,F
7402,F
7403,T
7404,T
7405,T
7406,F
7407,T
7408,F
7409,F
7410,T
7411,F
7412,T
7413,T
7414,T
7415,F
7416,F
7417,F
7418,F
7419,F
7420,F
7421,F
7422,F
7423,F
7424,T
7425,T
7426,T
7427,F
7428,T
7429,T
7430,F
7431,F
7432,F
7433,T
7434,T
7435,F
7436,F
7437,T
7438,T
7439,F
7440,F
7441,F
7442,T
7443,F
7444,F
7445,F
7446,F
7447,F
7448,F
7449,F
7450,T
7451,F
7452,F
7453,F
7454,F
7455,F
7456,F
7457,T
7458,T
7459,F
7460,F
7461,F
7462,F
7463,F
7464,F
7465,T
7466,F
7467,F
7468,F
7469,F
7470,F
7471,F
7472,T
7473,F
7474,F
7475,T
7476,F
7477,T
7478,T
7479,T
7480,T
7481,F
7482,F
7483,T
7484,F
7485,F
7486,F
7487,T
7488,F
7489,T
7490,F
7491,T
7492,F
7493,F
7494,T
7495,F
7496,F
7497,F
7498,T
7499,F
7500,F
7501,F
7502,F
7503,F
7504,F
7505,F
7506,F
7507,T
7508,T
7509,T
7510,F
7511,F
7512,F
7513,F
7514,F
7515,F
7516,F
7517,F
7518,T
7519,F
7520,F
7521,T
7522,F
7523,F
7524,F
7525,F
7526,F
7527,T
7528,T
7529,F
7530,T
7531,T
7532,F
7533,F
7534,F
7535,F
7536,F
7537,T
7538,F
7539,T
7540,F
7541,F
7542,F
7543,F
7544,T
7545,F
7546,T
7547,F
7548,F
7549,F
7550,T
7551,F
7552,T
7553,F
7554,T
7555,F
7556,F
7557,T
7558,F
7559,F
7560,T
7561,F
7562,F
7563,T
7564,T
7565,T
7566,F
7567,F
7568,F
7569,F
7570,T
7571,F
7572,F
7573,T
7574,T
7575,F
7576,F
7577,F
7578,T
7579,T
7580,F
7581,F
7582,T
7583,F
7584,T
7585,F
7586,T
7587,T
7588,F
7589,F
7590,F
7591,F
7592,F
7593,F
7594,F
7595,T
7596,T
7597,T
7598,T
7599,F
7600,T
7601,T
7602,T
7603,T
7604,T
7605,F
7606,F
7607,T
7608,F
7609,F
7610,T
7611,F
7612,F
7613,F
7614,T
7615,F
7616,F
7617,F
7618,F
7619,F
7620,T
7621,F
7622,F
7623,F
7624,T
7625,F
7626,F
7627,T
7628,T
7629,F
7630,F
7631,T
7632,F
7633,F
7634,T
7635,T
7636,F
7637,T
7638,F
7639,F
7640,F
7641,F
7642,F
7643,T
7644,F
7645,F
7646,F
7647,F
7648,F
7649,T
7650,T
7651,F
7652,T
7653,T
7654,F
7655,T
7656,F
7657,T
7658,T
7659,F
7660,F
7661,F
7662,T
7663,F
7664,T
7665,F
7666,F
7667,F
7668,T
7669,F
7670,T
7671,F
7672,F
7673,F
7674,F
7675,F
7676,F
7677,F
7678,F
7679,F
7680,F
7681,T
7682,F
7683,T
7684,F
7685,F
7686,F
7687,T
7688,F
7689,F
7690,F
7691,F
7692,F
7693,F
7694,T
7695,T
7696,F
7697,T
7698,T
7699,T
7700,F
7701,F
7702,T
7703,F
7704,F
7705,F
7706,F
7707,F
7708,T
7709,T
7710,F
7711,T
7712,F
7713,F
7714,F
7715,F
7716,F
7717,T
7718,F
7719,T
7720,F
7721,T
7722,F
7723,F
7724,F
7725,F
7726,T
7727,F
7728,F
7729,T
7730,T
7731,F
7732,T
7733,F
7734,F
7735,T
7736,F
7737,T
7738,F
7739,F
7740,F
7741,F
7742,T
7743,F
7744,F
7745,F
7746,F
7747,T
7748,T
7749,F
7750,T
7751,T
7752,F
7753,F
7754,T
7755,T
7756,T
7757,T
7758,F
7759,F
7760,F
7761,F
7762,F
7763,F
7764,T
7765,T
7766,F
7767,F
7768,F
7769,F
7770,F
7771,T
7772,F
7773,F
7774,F
7775,T
7776,T
7777,T
7778,F
7779,T
7780,F
7781,F
7782,F
7783,T
7784,F
7785,F
7786,F
7787,F
7788,F
7789,F
7790,F
7791,F
7792,F
7793,F
7794,F
7795,F
7796,F
7797,F
7798,F
7799,T
7800,T
7801,F
7802,T
7803,T
7804,F
7805,F
7806,F
7807,T
7808,T
7809,T
7810,F
7811,F
7812,T
7813,T
7814,T
7815,F
7816,F
7817,T
7818,F
7819,F
7820,T
7821,T
7822,T
7823,F
7824,T
7825,T
7826,T
7827,T
7828,F
7829,T
7830,F
7831,F
7832,F
7833,F
7834,F
7835,F
7836,F
7837,T
7838,T
7839,F
7840,T
7841,T
7842,F
7843,F
7844,F
7845,T
7846,F
7847,F
7848,T
7849,F
7850,T
7851,T
7852,T
7853,F
7854,F
7855,T
7856,T
7857,T
7858,F
7859,F
7860,T
7861,F
7862,T
7863,F
7864,T
7865,T
7866,F
7867,F
7868,F
7869,F
7870,F
7871,F
7872,F
7873,T
7874,T
7875,T
7876,F
7877,T
7878,F
7879,T
7880,F
7881,F
7882,F
7883,F
7884,F
7885,T
7886,F
7887,F
7888,F
7889,F
7890,F
7891,T
7892,F
7893,F
7894,T
7895,F
7896,F
7897,T
7898,F
7899,F
7900,F
7901,T
7902,F
7903,F
7904,F
7905,T
7906,F
7907,T
7908,F
7909,F
7910,F
7911,F
7912,F
7913,F
7914,F
7915,T
7916,F
7917,F
7918,T
7919,T
7920,F
7921,F
7922,F
7923,F
7924,T
7925,F
7926,T
7927,F
7928,T
7929,T
7930,F
7931,F
7932,F
7933,F
7934,T
7935,F
7936,F
7937,F
7938,T
7939,F
7940,T
7941,T
7942,T
7943,T
7944,T
7945,T
7946,T
7947,F
7948,F
7949,F
7950,F
7951,T
7952,T
7953,T
7954,F
7955,T
7956,F
7957,F
7958,F
7959,F
7960,T
7961,F
7962,F
7963,F
7964,F
7965,T
7966,F
7967,F
7968,F
7969,T
7970,T
7971,F
7972,F
7973,F
7974,T
7975,F
7976,T
7977,F
7978,F
7979,T
7980,F
7981,F
7982,T
7983,T
7984,T
7985,T
7986,T
7987,T
7988,F
7989,F
7990,T
7991,F
7992,F
7993,F
7994,F
7995,T
7996,F
7997,F
7998,T
7999,T
8000,T
8001,F
8002,F
8003,T
8004,T
8005,F
8006,T
8007,T
8008,F
8009,F
8010,T
8011,F
8012,T
8013,F
8014,T
8015,T
8016,T
8017,F
8018,F
8019,F
8020,T
8021,F
8022,F
8023,F
8024,F
8025,T
8026,T
8027,T
8028,F
8029,F
8030,T
8031,F
8032,F
8033,F
8034,F
8035,T
8036,T
8037,F
8038,T
8039,F
8040,T
8041,F
8042,F
8043,T
8044,T
8045,T
8046,F
8047,F
8048,T
8049,F
8050,F
8051,T
8052,F
8053,T
8054,F
8055,F
8056,F
8057,F
8058,F
8059,F
8060,T
8061,F
8062,F
8063,F
8064,F
8065,F
8066,F
8067,F
8068,F
8069,F
8070,F
8071,F
8072,F
8073,F
8074,F
8075,F
8076,F
8077,F
8078,F
8079,F
8080,T
8081,F
8082,F
8083,T
8084,F
8085,F
8086,T
8087,T
8088,F
8089,F
8090,F
8091,F
8092,F
8093,F
8094,F
8095,F
8096,F
8097,T
8098,F
8099,T
8100,T
8101,T
8102,F
8103,F
8104,F
8105,F
8106,T
8107,T
8108,F
8109,T
8110,T
8111,T
8112,F
8113,T
8114,T
8115,T
8116,F
8117,F
8118,F
8119,T
8120,F
8121,T
8122,T
8123,T
8124,T
8125,T
8126,F
8127,F
8128,F
8129,T
8130,T
8131,F
8132,F
8133,F
8134,T
8135,T
8136,F
8137,T
8138,F
8139,F
8140,F
8141,T
8142,F
8143,T
8144,T
8145,F
8146,F
8147,F
8148,F
8149,T
8150,T
8151,F
8152,F
8153,F
8154,F
8155,F
8156,F
8157,F
8158,T
8159,F
8160,F
8161,F
8162,F
8163,T
8164,F
8165,F
8166,T
8167,T
8168,F
8169,T
8170,F
8171,T
8172,T
8173,F
8174,T
8175,T
8176,F
8177,F
8178,F
8179,F
8180,F
8181,T
8182,T
8183,F
8184,F
8185,T
8186,F
8187,F
8188,F
8189,F
8190,F
8191,T
8192,T
8193,T
8194,F
8195,F
8196,F
8197,F
8198,T
8199,T
8200,F
8201,T
8202,F
8203,F
8204,F
8205,T
8206,F
8207,T
8208,F
8209,F
8210,F
8211,T
8212,T
8213,F
8214,F
8215,T
8216,F
8217,F
8218,T
8219,F
8220,F
8221,T
8222,F
8223,T
8224,F
8225,T
8226,F
8227,F
8228,F
8229,T
8230,T
8231,T
8232,F
8233,F
8234,F
8235,T
8236,F
8237,T
8238,F
8239,F
8240,F
8241,T
8242,T
8243,T
8244,F
8245,T
8246,F
8247,F
8248,F
8249,F
8250,F
8251,F
8252,F
8253,F
8254,F
8255,F
8256,F
8257,F
8258,F
8259,F
8260,F
8261,F
8262,F
8263,T
8264,F
8265,T
8266,T
8267,F
8268,F
8269,T
8270,F
8271,F
8272,T
8273,T
8274,F
8275,F
8276,F
8277,F
8278,F
8279,F
8280,F
8281,T
8282,T
8283,F
8284,F
8285,T
8286,F
8287,F
8288,F
8289,F
8290,T
8291,T
8292,F
8293,F
8294,F
8295,F
8296,F
8297,F
8298,F
8299,F
8300,F
8301,F
8302,T
8303,F
8304,F
8305,F
8306,F
8307,T
8308,T
8309,F
8310,T
8311,F
8312,T
8313,T
8314,F
8315,F
8316,F
8317,F
8318,T
8319,F
8320,F
8321,F
8322,F
8323,F
8324,T
8325,F
8326,F
8327,T
8328,F
8329,F
8330,F
8331,T
8332,T
8333,F
8334,T
8335,T
8336,F
8337,F
8338,T
8339,F
8340,T
8341,F
8342,F
8343,F
8344,T
8345,T
8346,T
8347,F
8348,F
8349,T
8350,F
8351,F
8352,F
8353,F
8354,F
8355,T
8356,T
8357,T
8358,F
8359,F
8360,T
8361,F
8362,T
8363,F
8364,F
8365,T
8366,F
8367,F
8368,T
8369,T
8370,T
8371,F
8372,F
8373,F
8374,F
8375,F
8376,T
8377,F
8378,F
8379,F
8380,F
8381,F
8382,F
8383,F
8384,F
8385,F
8386,F
8387,F
8388,F
8389,T
8390,F
8391,T
8392,T
8393,T
8394,F
8395,T
8396,T
8397,F
8398,T
8399,F
8400,T
8401,T
8402,F
8403,T
8404,F
8405,F
8406,F
8407,T
8408,F
8409,F
8410,F
8411,T
8412,F
8413,F
8414,T
8415,T
8416,T
8417,F
8418,F
8419,F
8420,F
8421,F
8422,T
8423,F
8424,F
8425,T
8426,T
8427,F
8428,F
8429,T
8430,F
8431,F
8432,F
8433,F
8434,F
8435,F
8436,T
8437,F
8438,F
8439,T
8440,T
8441,F
8442,F
8443,F
8444,T
8445,F
8446,T
8447,F
8448,F
8449,F
8450,F
8451,F
8452,F
8453,F
8454,F
8455,F
8456,F
8457,F
8458,T
8459,F
8460,F
8461,T
8462,T
8463,F
8464,T
8465,T
8466,F
8467,F
8468,F
8469,F
8470,T
8471,F
8472,F
8473,T
8474,T
8475,F
8476,F
8477,F
8478,T
8479,F
8480,F
8481,T
8482,F
8483,F
8484,F
8485,F
8486,F
8487,F
8488,F
8489,F
8490,T
8491,F
8492,T
8493,T
8494,F
8495,F
8496,F
8497,F
8498,F
8499,F
8500,F
8501,T
8502,F
8503,T
8504,F
8505,F
8506,T
8507,T
8508,F
8509,T
8510,F
8511,F
8512,T
8513,T
8514,T
8515,F
8516,F
8517,F
8518,F
8519,F
8520,F
8521,F
8522,T
8523,F
8524,T
8525,F
8526,F
8527,F
8528,F
8529,T
8530,F
8531,F
8532,F
8533,T
8534,T
8535,F
8536,F
8537,F
8538,T
8539,F
8540,T
8541,T
8542,F
8543,F
8544,T
8545,F
8546,T
8547,F
8548,F
8549,T
8550,T
8551,T
8552,F
8553,F
8554,T
8555,T
8556,T
8557,T
8558,T
8559,F
8560,T
8561,F
8562,T
8563,T
8564,F
8565,F
8566,F
8567,F
8568,T
8569,F
8570,F
8571,F
8572,T
8573,F
8574,F
8575,F
8576,F
8577,F
8578,F
8579,T
8580,T
8581,F
8582,F
8583,F
8584,F
8585,T
8586,T
8587,F
8588,F
8589,F
8590,T
8591,T
8592,T
8593,F
8594,F
8595,F
8596,T
8597,T
8598,T
8599,F
8600,T
8601,T
8602,F
8603,T
8604,F
8605,F
8606,T
8607,F
8608,F
8609,F
8610,T
8611,F
8612,F
8613,T
8614,F
8615,F
8616,F
8617,T
8618,F
8619,F
8620,F
8621,F
8622,F
8623,T
8624,F
8625,T
8626,F
8627,F
8628,T
8629,T
8630,T
8631,T
8632,F
8633,F
8634,F
8635,T
8636,F
8637,F
8638,F
8639,F
8640,F
8641,F
8642,F
8643,F
8644,F
8645,F
8646,F
8647,F
8648,F
8649,F
8650,F
8651,F
8652,T
8653,F
8654,T
8655,T
8656,F
8657,F
8658,F
8659,T
8660,F
8661,F
8662,F
8663,T
8664,F
8665,T
8666,T
8667,F
8668,T
8669,F
8670,T
8671,T
8672,F
8673,F
8674,F
8675,F
8676,F
8677,F
8678,F
8679,F
8680,T
8681,F
8682,F
8683,F
8684,T
8685,T
8686,F
8687,T
8688,F
8689,T
8690,F
8691,F
8692,F
8693,T
8694,F
8695,F
8696,F
8697,F
8698,T
8699,T
8700,F
8701,F
8702,F
8703,F
8704,T
8705,T
8706,T
8707,T
8708,F
8709,T
8710,F
8711,F
8712,T
8713,T
8714,T
8715,F
8716,T
8717,F
8718,T
8719,T
8720,T
8721,F
8722,T
8723,T
8724,F
8725,T
8726,T
8727,F
8728,F
8729,F
8730,F
8731,T
8732,F
8733,F
8734,F
8735,F
8736,T
8737,T
8738,F
8739,F
8740,T
8741,T
8742,T
8743,T
8744,F
8745,T
8746,F
8747,F
8748,F
8749,T
8750,F
8751,F
8752,F
8753,T
8754,F
8755,F
8756,F
8757,F
8758,F
8759,F
8760,F
8761,T
8762,F
8763,T
8764,T
8765,F
8766,F
8767,F
8768,F
8769,T
8770,T
8771,T
8772,T
8773,T
8774,F
8775,T
8776,F
8777,F
8778,F
8779,F
8780,T
8781,T
8782,F
8783,F
8784,T
8785,T
8786,F
8787,T
8788,F
8789,F
8790,T
8791,F
8792,T
8793,F
8794,F
8795,T
8796,F
8797,F
8798,F
8799,F
8800,F
8801,F
8802,T
8803,F
8804,F
8805,T
8806,F
8807,F
8808,T
8809,T
8810,F
8811,F
8812,F
8813,F
8814,T
8815,T
8816,F
8817,F
8818,T
8819,F
8820,F
8821,F
8822,F
8823,F
8824,F
8825,T
8826,F
8827,T
8828,T
8829,T
8830,F
8831,F
8832,T
8833,F
8834,T
8835,T
8836,F
8837,F
8838,F
8839,T
8840,F
8841,T
8842,T
8843,F
8844,F
8845,T
8846,T
8847,F
8848,T
8849,F
8850,F
8851,T
8852,F
8853,F
8854,T
8855,T
8856,F
8857,F
8858,F
8859,T
8860,T
8861,F
8862,F
8863,F
8864,F
8865,T
8866,F
8867,F
8868,F
8869,T
8870,F
8871,F
8872,T
8873,F
8874,F
8875,T
8876,F
8877,T
8878,F
8879,F
8880,T
8881,F
8882,F
8883,F
8884,T
8885,F
8886,F
8887,F
8888,T
8889,F
8890,T
8891,T
8892,F
8893,F
8894,T
8895,T
8896,F
8897,F
8898,F
8899,F
8900,T
8901,T
8902,F
8903,F
8904,F
8905,F
8906,T
8907,F
8908,F
8909,F
8910,T
8911,F
8912,F
8913,F
8914,F
8915,T
8916,F
8917,F
8918,F
8919,T
8920,F
8921,T
8922,F
8923,T
8924,F
8925,F
8926,F
8927,F
8928,F
8929,T
8930,F
8931,F
8932,F
8933,T
8934,T
8935,F
8936,F
8937,F
8938,F
8939,T
8940,F
8941,T
8942,F
8943,T
8944,T
8945,F
8946,F
8947,F
8948,T
8949,T
8950,F
8951,F
8952,T
8953,T
8954,F
8955,T
8956,F
8957,F
8958,T
8959,F
8960,T
8961,F
8962,F
8963,F
8964,F
8965,T
8966,F
8967,F
8968,F
8969,T
8970,T
8971,T
8972,F
8973,F
8974,T
8975,T
8976,F
8977,F
8978,F
8979,F
8980,F
8981,F
8982,F
8983,F
8984,T
8985,T
8986,T
8987,F
8988,T
8989,F
8990,F
8991,F
8992,T
8993,T
8994,F
8995,F
8996,T
8997,F
8998,F
8999,T
9000,F
9001,T
9002,T
9003,T
9004,F
9005,F
9006,T
9007,F
9008,T
9009,F
9010,F
9011,F
9012,F
9013,F
9014,F
9015,T
9016,F
9017,F
9018,F
9019,F
9020,T
9021,T
9022,T
9023,T
9024,F
9025,F
9026,T
9027,T
9028,T
9029,T
9030,F
9031,F
9032,T
9033,F
9034,F
9035,F
9036,F
9037,T
9038,T
9039,F
9040,F
9041,F
9042,T
9043,T
9044,T
9045,F
9046,F
9047,F
9048,T
9049,F
9050,T
9051,F
9052,F
9053,T
9054,F
9055,F
9056,T
9057,T
9058,T
9059,T
9060,F
9061,T
9062,T
9063,F
9064,F
9065,F
9066,F
9067,F
9068,F
9069,F
9070,T
9071,T
9072,F
9073,T
9074,T
9075,F
9076,F
9077,F
9078,F
9079,T
9080,F
9081,F
9082,F
9083,F
9084,T
9085,F
9086,F
9087,F
9088,T
9089,F
9090,F
9091,F
9092,F
9093,T
9094,T
9095,T
9096,F
9097,F
9098,F
9099,F
9100,T
9101,T
9102,F
9103,F
9104,T
9105,F
9106,F
9107,T
9108,T
9109,F
9110,T
9111,T
9112,F
9113,F
9114,F
9115,F
9116,T
9117,F
9118,T
9119,T
9120,T
9121,F
9122,F
9123,T
9124,F
9125,F
9126,F
9127,F
9128,T
9129,T
9130,F
9131,T
9132,F
9133,F
9134,F
9135,F
9136,T
9137,T
9138,F
9139,T
9140,F
9141,T
9142,F
9143,F
9144,T
9145,F
9146,T
9147,F
9148,F
9149,F
9150,T
9151,F
9152,F
9153,F
9154,F
9155,F
9156,T
9157,T
9158,T
9159,F
9160,T
9161,T
9162,T
9163,T
9164,F
9165,F
9166,F
9167,F
9168,F
9169,F
9170,F
9171,T
9172,F
9173,T
9174,F
9175,T
9176,F
9177,F
9178,T
9179,F
9180,F
9181,F
9182,T
9183,T
9184,T
9185,F
9186,T
9187,T
9188,F
9189,F
9190,F
9191,F
9192,F
9193,F
9194,T
9195,T
9196,F
9197,T
9198,F
9199,F
9200,F
9201,F
9202,F
9203,F
9204,F
9205,F
9206,F
9207,F
9208,T
9209,T
9210,T
9211,F
9212,T
9213,F
9214,T
9215,F
9216,T
9217,F
9218,F
9219,F
9220,F
9221,F
9222,F
9223,F
9224,F
9225,F
9226,F
9227,F
9228,T
9229,F
9230,F
9231,F
9232,F
9233,T
9234,F
9235,F
9236,F
9237,T
9238,F
9239,T
9240,F
9241,F
9242,F
9243,F
9244,F
9245,F
9246,T
9247,F
9248,F
9249,F
9250,F
9251,T
9252,T
9253,F
9254,F
9255,F
9256,F
9257,F
9258,F
9259,F
9260,T
9261,T
9262,F
9263,F
9264,F
9265,F
9266,F
9267,F
9268,F
9269,F
9270,F
9271,F
9272,F
9273,F
9274,F
9275,F
9276,F
9277,F
9278,T
9279,F
9280,T
9281,T
9282,F
9283,F
9284,T
9285,F
9286,F
9287,F
9288,F
9289,F
9290,F
9291,F
9292,F
9293,T
9294,T
9295,F
9296,F
9297,F
9298,F
9299,F
9300,F
9301,F
9302,F
9303,T
9304,F
9305,F
9306,F
9307,F
9308,T
9309,F
9310,F
9311,F
9312,T
9313,T
9314,T
9315,T
9316,F
9317,T
9318,F
9319,F
9320,F
9321,T
9322,F
9323,F
9324,F
9325,F
9326,F
9327,T
9328,F
9329,T
9330,F
9331,T
9332,T
9333,F
9334,T
9335,T
9336,F
9337,F
9338,F
9339,F
9340,F
9341,F
9342,T
9343,T
9344,T
9345,F
9346,F
9347,F
9348,F
9349,F
9350,T
9351,F
9352,T
9353,F
9354,T
9355,T
9356,F
9357,F
9358,F
9359,F
9360,F
9361,T
9362,T
9363,F
9364,F
9365,F
9366,T
9367,F
9368,F
9369,T
9370,T
9371,T
9372,F
9373,F
9374,F
9375,F
9376,F
9377,F
9378,T
9379,F
9380,T
9381,T
9382,T
9383,F
9384,F
9385,F
9386,T
9387,T
9388,F
9389,F
9390,F
9391,F
9392,F
9393,T
9394,T
9395,T
9396,F
9397,T
9398,F
9399,F
9400,F
9401,T
9402,F
9403,F
9404,F
9405,F
9406,F
9407,F
9408,T
9409,T
9410,T
9411,F
9412,F
9413,F
9414,T
9415,T
9416,F
9417,F
9418,F
9419,F
9420,T
9421,T
9422,F
9423,T
9424,T
9425,T
9426,F
9427,T
9428,F
9429,F
9430,T
9431,F
9432,T
9433,F
9434,F
9435,T
9436,T
9437,T
9438,F
9439,F
9440,T
9441,T
9442,F
9443,T
9444,T
9445,T
9446,F
9447,F
9448,T
9449,T
9450,F
9451,F
9452,F
9453,F
9454,F
9455,F
9456,T
9457,F
9458,F
9459,F
9460,T
9461,F
9462,F
9463,F
9464,F
9465,F
9466,T
9467,T
9468,T
9469,F
9470,F
9471,F
9472,F
9473,T
9474,F
9475,F
9476,T
9477,F
9478,F
9479,F
9480,F
9481,T
9482,F
9483,T
9484,F
9485,F
9486,T
9487,T
9488,F
9489,T
9490,F
9491,F
9492,F
9493,T
9494,T
9495,F
9496,T
9497,F
9498,F
9499,T
9500,T
9501,T
9502,T
9503,F
9504,T
9505,F
9506,T
9507,F
9508,F
9509,F
9510,F
9511,F
9512,F
9513,F
9514,T
9515,F
9516,F
9517,F
9518,T
9519,T
9520,F
9521,F
9522,F
9523,F
9524,T
9525,F
9526,F
9527,F
9528,T
9529,F
9530,F
9531,F
9532,T
9533,T
9534,T
9535,T
9536,T
9537,F
9538,T
9539,T
9540,F
9541,F
9542,F
9543,F
9544,T
9545,F
9546,F
9547,F
9548,F
9549,T
9550,F
9551,T
9552,T
9553,T
9554,T
9555,F
9556,F
9557,F
9558,F
9559,F
9560,T
9561,F
9562,F
9563,F
9564,T
9565,F
9566,T
9567,F
9568,F
9569,F
9570,F
9571,F
9572,F
9573,F
9574,F
9575,F
9576,F
9577,F
9578,F
9579,T
9580,F
9581,T
9582,F
9583,T
9584,T
9585,F
9586,F
9587,T
9588,T
9589,F
9590,F
9591,F
9592,F
9593,F
9594,F
9595,T
9596,F
9597,F
9598,T
9599,F
9600,F
9601,F
9602,T
9603,F
9604,T
9605,F
9606,T
9607,F
9608,F
9609,F
9610,T
9611,F
9612,F
9613,T
9614,F
9615,T
9616,F
9617,T
9618,T
9619,F
9620,T
9621,F
9622,F
9623,T
9624,F
9625,T
9626,F
9627,F
9628,F
9629,F
9630,F
9631,T
9632,T
9633,F
9634,T
9635,T
9636,F
9637,F
9638,T
9639,T
9640,F
9641,F
9642,F
9643,T
9644,F
9645,F
9646,T
9647,F
9648,F
9649,F
9650,F
9651,T
9652,F
9653,F
9654,T
9655,T
9656,F
9657,F
9658,F
9659,F
9660,F
9661,F
9662,F
9663,F
9664,F
9665,F
9666,F
9667,T
9668,T
9669,F
9670,F
9671,F
9672,F
9673,F
9674,F
9675,F
9676,T
9677,T
9678,T
9679,F
9680,T
9681,F
9682,F
9683,T
9684,T
9685,F
9686,T
9687,F
9688,T
9689,F
9690,T
9691,F
9692,T
9693,F
9694,F
9695,F
9696,F
9697,T
9698,F
9699,T
9700,T
9701,F
9702,T
9703,F
9704,F
9705,F
9706,F
9707,T
9708,T
9709,T
9710,T
9711,F
9712,F
9713,F
9714,T
9715,F
9716,F
9717,F
9718,F
9719,F
9720,F
9721,T
9722,F
9723,F
9724,T
9725,T
9726,F
9727,F
9728,F
9729,T
9730,T
9731,F
9732,T
9733,T
9734,T
9735,F
9736,F
9737,T
9738,F
9739,T
9740,F
9741,F
9742,F
9743,T
9744,T
9745,F
9746,F
9747,F
9748,F
9749,F
9750,F
9751,F
9752,F
9753,F
9754,T
9755,F
9756,T
9757,F
9758,F
9759,T
9760,F
9761,T
9762,T
9763,T
9764,T
9765,F
9766,F
9767,F
9768,F
9769,F
9770,F
9771,F
9772,T
9773,F
9774,F
9775,F
9776,T
9777,T
9778,F
9779,F
9780,T
9781,T
9782,F
9783,T
9784,F
9785,F
9786,F
9787,T
9788,T
9789,F
9790,F
9791,F
9792,F
9793,T
9794,F
9795,F
9796,F
9797,F
9798,F
9799,T
9800,T
9801,F
9802,F
9803,F
9804,T
9805,T
9806,F
9807,T
9808,F
9809,F
9810,F
9811,F
9812,T
9813,T
9814,F
9815,T
9816,F
9817,F
9818,F
9819,F
9820,F
9821,T
9822,F
9823,T
9824,T
9825,T
9826,F
9827,T
9828,F
9829,F
9830,F
9831,F
9832,T
9833,F
9834,F
9835,F
9836,F
9837,T
9838,F
9839,F
9840,F
9841,F
9842,F
9843,F
9844,F
9845,F
9846,F
9847,T
9848,F
9849,T
9850,F
9851,F
9852,T
9853,T
9854,T
9855,F
9856,T
9857,F
9858,F
9859,T
9860,F
9861,T
9862,T
9863,F
9864,T
9865,T
9866,F
9867,T
9868,F
9869,F
9870,F
9871,F
9872,T
9873,T
9874,T
9875,F
9876,T
9877,F
9878,F
9879,F
9880,T
9881,F
9882,F
9883,F
9884,F
9885,T
9886,F
9887,T
9888,T
9889,F
9890,F
9891,F
9892,F
9893,F
9894,F
9895,F
9896,F
9897,T
9898,F
9899,T
9900,F
9901,F
9902,F
9903,F
9904,T
9905,T
9906,F
9907,T
9908,F
9909,T
9910,F
9911,F
9912,F
9913,F
9914,F
9915,F
9916,T
9917,F
9918,F
9919,F
9920,F
9921,F
9922,F
9923,F
9924,F
9925,F
9926,T
9927,F
9928,F
9929,F
9930,F
9931,F
9932,F
9933,T
9934,F
9935,F
9936,F
9937,F
9938,F
9939,T
9940,F
9941,F
9942,F
9943,F
9944,T
9945,F
9946,F
9947,F
9948,F
9949,F
9950,T
9951,F
9952,T
9953,T
9954,T
9955,F
9956,T
9957,F
9958,F
9959,F
9960,F
9961,F
9962,F
9963,T
9964,T
9965,T
9966,T
9967,F
9968,T
9969,F
9970,T
9971,T
9972,T
9973,F
9974,F
9975,F
9976,T
9977,F
9978,F
9979,F
9980,F
9981,F
9982,F
9983,F
9984,F
9985,T
9986,T
9987,F
9988,F
9989,F
9990,T
9991,T
9992,F
9993,F
9994,T
9995,F
9996,F
9997,F
9998,F
9999,T
10000,T
10001,T
10002,F
10003,F
10004,T
10005,T
10006,T
10007,T
10008,F
10009,T
10010,F
10011,F
10012,T
10013,T
10014,F
10015,F
10016,T
10017,F
10018,F
10019,T
10020,F
10021,F
10022,T
10023,T
10024,F
10025,F
10026,T
10027,F
10028,T
10029,T
10030,F
10031,F
10032,T
10033,F
10034,F
10035,F
10036,F
10037,T
10038,T
10039,F
10040,T
10041,F
10042,F
10043,F
10044,T
10045,F
10046,F
10047,F
10048,T
10049,F
10050,F
10051,F
10052,F
10053,T
10054,F
10055,T
10056,F
10057,F
10058,F
10059,F
10060,T
10061,F
10062,T
10063,T
10064,F
10065,F
10066,T
10067,F
10068,F
10069,F
10070,T
10071,F
10072,T
10073,F
10074,F
10075,F
10076,T
10077,T
10078,F
10079,F
10080,T
10081,T
10082,F
10083,T
10084,T
10085,F
10086,F
10087,T
10088,F
10089,F
10090,F
10091,T
10092,F
10093,T
10094,F
10095,F
10096,F
10097,F
10098,T
10099,F
10100,T
10101,T
10102,F
10103,F
10104,F
10105,T
10106,T
10107,F
10108,T
10109,T
10110,T
10111,F
10112,F
10113,T
10114,F
10115,T
10116,F
10117,T
10118,T
10119,F
10120,F
10121,T
10122,T
10123,F
10124,F
10125,F
10126,F
10127,F
10128,F
10129,F
10130,T
10131,T
10132,F
10133,F
10134,F
10135,T
10136,F
10137,F
10138,T
10139,F
10140,F
10141,F
10142,F
10143,F
10144,T
10145,T
10146,T
10147,T
10148,F
10149,F
10150,F
10151,F
10152,F
10153,T
10154,F
10155,F
10156,F
10157,F
10158,T
10159,F
10160,F
10161,T
10162,F
10163,F
10164,T
10165,F
10166,F
10167,T
10168,F
10169,F
10170,F
10171,F
10172,T
10173,T
10174,F
10175,F
10176,T
10177,T
10178,F
10179,F
10180,T
10181,T
10182,F
10183,F
10184,F
10185,T
10186,F
10187,T
10188,T
10189,F
10190,T
10191,F
10192,T
10193,T
10194,F
10195,F
10196,T
10197,F
10198,F
10199,F
10200,F
10201,F
10202,T
10203,F
10204,T
10205,T
10206,F
10207,F
10208,T
10209,F
10210,F
10211,F
10212,T
10213,F
10214,F
10215,T
10216,T
10217,F
10218,T
10219,T
10220,T
10221,T
10222,T
10223,F
10224,F
10225,T
10226,T
10227,F
10228,T
10229,F
10230,T
10231,F
10232,F
10233,F
10234,F
10235,F
10236,F
10237,F
10238,F
10239,T
10240,F
10241,T
10242,F
10243,T
10244,F
10245,F
10246,F
10247,F
10248,F
10249,T
10250,F
10251,T
10252,F
10253,T
10254,F
10255,T
10256,T
10257,F
10258,F
10259,F
10260,F
10261,F
10262,T
10263,F
10264,F
10265,T
10266,F
10267,F
10268,T
10269,F
10270,F
10271,F
10272,F
10273,T
10274,T
10275,T
10276,F
10277,F
10278,F
10279,F
10280,T
10281,T
10282,F
10283,F
10284,F
10285,F
10286,F
10287,F
10288,F
10289,F
10290,T
10291,F
10292,T
10293,F
10294,F
10295,F
10296,F
10297,F
10298,T
10299,T
10300,F
10301,F
10302,F
10303,F
10304,T
10305,F
10306,T
10307,T
10308,F
10309,T
10310,F
10311,T
10312,T
10313,F
10314,T
10315,F
10316,F
10317,F
10318,T
10319,F
10320,F
10321,T
10322,F
10323,F
10324,F
10325,F
10326,T
10327,F
10328,F
10329,F
10330,T
10331,T
10332,T
10333,F
10334,F
10335,T
10336,F
10337,F
10338,F
10339,F
10340,F
10341,F
10342,F
10343,F
10344,T
10345,F
10346,T
10347,T
10348,T
10349,T
10350,T
10351,F
10352,F
10353,F
10354,F
10355,T
10356,F
10357,F
10358,F
10359,F
10360,T
10361,F
10362,T
10363,T
10364,F
10365,T
10366,T
10367,F
10368,F
10369,F
10370,F
10371,T
10372,T
10373,F
10374,F
10375,F
10376,F
10377,F
10378,F
10379,F
10380,T
10381,F
10382,T
10383,T
10384,F
10385,T
10386,T
10387,F
10388,F
10389,F
10390,F
10391,T
10392,F
10393,F
10394,F
10395,F
10396,F
10397,F
10398,F
10399,F
10400,F
10401,F
10402,T
10403,T
10404,F
10405,F
10406,F
10407,F
10408,F
10409,F
10410,F
10411,F
10412,F
10413,T
10414,F
10415,F
10416,F
10417,F
10418,F
10419,F
10420,F
10421,F
10422,F
10423,F
10424,T
10425,F
10426,F
10427,F
10428,F
10429,F
10430,T
10431,T
10432,F
10433,F
10434,F
10435,F
10436,F
10437,F
10438,F
10439,F
10440,F
10441,F
10442,F
10443,F
10444,T
10445,F
10446,F
10447,T
10448,F
10449,F
10450,T
10451,F
10452,F
10453,F
10454,F
10455,F
10456,F
10457,F
10458,F
10459,T
10460,F
10461,F
10462,F
10463,T
10464,F
10465,F
10466,F
10467,T
10468,F
10469,F
10470,T
10471,T
10472,F
10473,T
10474,F
10475,F
10476,T
10477,F
10478,T
10479,F
10480,F
10481,T
10482,F
10483,T
10484,F
10485,F
10486,T
10487,F
10488,F
10489,T
10490,T
10491,T
10492,T
10493,F
10494,F
10495,T
10496,F
10497,F
10498,T
10499,F
10500,F
10501,T
10502,F
10503,F
10504,F
10505,F
10506,F
10507,F
10508,F
10509,T
10510,F
10511,F
10512,F
10513,F
10514,T
10515,F
10516,F
10517,F
10518,T
10519,F
10520,T
10521,F
10522,F
10523,F
10524,T
10525,T
10526,F
10527,T
10528,F
10529,T
10530,F
10531,F
10532,F
10533,F
10534,F
10535,F
10536,T
10537,F
10538,F
10539,F
10540,F
10541,F
10542,F
10543,F
10544,T
10545,F
10546,T
10547,T
10548,F
10549,F
10550,T
10551,T
10552,F
10553,F
10554,T
10555,F
10556,F
10557,T
10558,T
10559,F
10560,F
10561,F
10562,F
10563,F
10564,T
10565,F
10566,F
10567,F
10568,T
10569,F
10570,F
10571,F
10572,T
10573,T
10574,F
10575,F
10576,F
10577,F
10578,F
10579,F
10580,F
10581,F
10582,T
10583,F
10584,T
10585,T
10586,F
10587,F
10588,T
10589,F
10590,T
10591,T
10592,F
10593,F
10594,F
10595,F
10596,F
10597,F
10598,T
10599,T
10600,T
10601,F
10602,F
10603,F
10604,F
10605,F
10606,T
10607,F
10608,F
10609,T
10610,T
10611,F
10612,T
10613,F
10614,F
10615,T
10616,T
10617,F
10618,F
10619,F
10620,F
10621,T
10622,T
10623,T
10624,F
10625,F
10626,F
10627,F
10628,F
10629,F
10630,T
10631,F
10632,F
10633,F
10634,F
10635,T
10636,T
10637,F
10638,F
10639,F
10640,T
10641,F
10642,F
10643,F
10644,F
10645,F
10646,F
10647,F
10648,T
10649,F
10650,T
10651,F
10652,T
10653,T
10654,T
10655,F
10656,T
10657,F
10658,T
10659,T
10660,T
10661,F
10662,F
10663,T
10664,T
10665,F
10666,F
10667,F
10668,F
10669,F
10670,F
10671,F
10672,T
10673,F
10674,F
10675,T
10676,F
10677,T
10678,F
10679,T
10680,T
10681,T
10682,T
10683,T
10684,F
10685,T
10686,F
10687,T
10688,F
10689,T
10690,F
10691,T
10692,F
10693,T
10694,F
10695,F
10696,F
10697,T
10698,F
10699,F
10700,F
10701,F
10702,T
10703,T
10704,F
10705,T
10706,T
10707,T
10708,F
10709,F
10710,F
10711,T
10712,F
10713,F
10714,F
10715,T
10716,F
10717,F
10718,F
10719,F
10720,F
10721,T
10722,F
10723,T
10724,F
10725,F
10726,F
10727,T
10728,T
10729,T
10730,T
10731,F
10732,F
10733,T
10734,F
10735,F
10736,T
10737,F
10738,F
10739,F
10740,F
10741,F
10742,T
10743,T
10744,F
10745,F
10746,F
10747,F
10748,F
10749,T
10750,T
10751,T
10752,T
10753,T
10754,F
10755,F
10756,F
10757,F
10758,F
10759,T
10760,F
10761,T
10762,F
10763,F
10764,F
10765,F
10766,F
10767,F
10768,F
10769,F
10770,F
10771,F
10772,F
10773,F
10774,F
10775,F
10776,F
10777,F
10778,T
10779,F
10780,F
10781,T
10782,F
10783,F
10784,F
10785,F
10786,T
10787,F
10788,F
10789,T
10790,T
10791,T
10792,F
10793,T
10794,F
10795,T
10796,F
10797,F
10798,F
10799,T
10800,F
10801,F
10802,F
10803,T
10804,T
10805,T
10806,F
10807,F
10808,F
10809,T
10810,F
10811,F
10812,F
10813,F
10814,T
10815,F
10816,T
10817,F
10818,F
10819,T
10820,F
10821,F
10822,F
10823,F
10824,F
10825,F
10826,T
10827,T
10828,F
10829,F
10830,T
10831,F
10832,F
10833,F
10834,T
10835,F
10836,F
10837,F
10838,T
10839,F
10840,F
10841,F
10842,F
10843,T
10844,F
10845,F
10846,F
10847,T
10848,F
10849,F
10850,T
10851,T
10852,F
10853,F
10854,T
10855,F
10856,F
10857,F
10858,F
10859,F
10860,F
10861,F
10862,T
10863,F
10864,F
10865,F
10866,F
10867,T
10868,T
10869,F
10870,T
10871,T
10872,T
10873,F
10874,T
10875,T
10876,T
10877,F
10878,F
10879,T
10880,T
10881,F
10882,F
10883,F
10884,T
10885,T
10886,F
10887,F
10888,F
10889,F
10890,F
10891,F
10892,T
10893,F
10894,F
10895,F
10896,F
10897,T
10898,T
10899,T
10900,F
10901,T
10902,T
10903,F
10904,T
10905,F
10906,T
10907,F
10908,T
10909,T
10910,F
10911,F
10912,F
10913,F
10914,F
10915,F
10916,F
10917,F
10918,T
10919,F
10920,T
10921,F
10922,T
10923,F
10924,T
10925,F
10926,F
10927,F
10928,F
10929,F
10930,F
10931,F
10932,T
10933,T
10934,F
10935,F
10936,F
10937,F
10938,F
10939,T
10940,T
10941,F
10942,F
10943,T
10944,T
10945,T
10946,F
10947,F
10948,F
10949,F
10950,T
10951,T
10952,F
10953,F
10954,F
10955,T
10956,T
10957,F
10958,T
10959,F
10960,F
10961,F
10962,F
10963,F
10964,F
10965,F
10966,F
10967,T
10968,F
10969,T
10970,F
10971,T
10972,T
10973,F
10974,T
10975,F
10976,F
10977,F
10978,F
10979,T
10980,T
10981,T
10982,T
10983,F
10984,T
10985,T
10986,F
10987,F
10988,F
10989,F
10990,T
10991,T
10992,T
10993,F
10994,F
10995,T
10996,F
10997,F
10998,F
10999,T
11000,T
11001,T
11002,F
11003,F
11004,F
11005,F
11006,F
11007,F
11008,F
11009,F
11010,F
11011,F
11012,F
11013,F
11014,F
11015,F
11016,F
11017,T
11018,F
11019,F
11020,T
11021,F
11022,F
11023,F
11024,F
11025,F
11026,T
11027,F
11028,F
11029,F
11030,F
11031,F
11032,F
11033,F
11034,F
11035,T
11036,T
11037,F
11038,T
11039,F
11040,F
11041,T
11042,F
11043,F
11044,F
11045,F
11046,F
11047,T
11048,T
11049,F
11050,F
11051,F
11052,T
11053,T
11054,T
11055,F
11056,T
11057,T
11058,T
11059,F
11060,F
11061,F
11062,T
11063,T
11064,F
11065,F
11066,T
11067,F
11068,T
11069,T
11070,T
11071,F
11072,F
11073,F
11074,F
11075,F
11076,F
11077,F
11078,F
11079,F
11080,F
11081,T
11082,F
11083,T
11084,F
11085,F
11086,F
11087,T
11088,F
11089,F
11090,F
11091,F
11092,F
11093,T
11094,F
11095,F
11096,F
11097,F
11098,T
11099,F
11100,T
11101,F
11102,F
11103,F
11104,F
11105,T
11106,T
11107,F
11108,F
11109,F
11110,F
11111,F
11112,T
11113,T
11114,T
11115,F
11116,F
11117,F
11118,T
11119,F
11120,F
11121,F
11122,T
11123,F
11124,T
11125,T
11126,F
11127,F
11128,F
11129,F
11130,F
11131,F
11132,F
11133,F
11134,F
11135,T
11136,F
11137,T
11138,T
11139,T
11140,F
11141,F
11142,T
11143,F
11144,T
11145,T
11146,F
11147,T
11148,T
11149,F
11150,F
11151,F
11152,F
11153,F
11154,F
11155,F
11156,F
11157,F
11158,F
11159,F
11160,F
11161,F
11162,T
11163,F
11164,F
11165,T
11166,F
11167,F
11168,T
11169,F
11170,F
11171,F
11172,F
11173,F
11174,F
11175,F
11176,F
11177,T
11178,T
11179,F
11180,F
11181,T
11182,F
11183,F
11184,F
11185,T
11186,F
11187,T
11188,T
11189,F
11190,F
11191,F
11192,T
11193,T
11194,T
11195,F
11196,F
11197,T
11198,T
11199,F
11200,T
11201,T
11202,F
11203,T
11204,T
11205,F
11206,T
11207,F
11208,F
11209,F
11210,T
11211,T
11212,F
11213,F
11214,T
11215,T
11216,T
11217,T
11218,F
11219,F
11220,F
11221,F
11222,F
11223,T
11224,F
11225,T
11226,T
11227,F
11228,F
11229,F
11230,F
11231,F
11232,F
11233,F
11234,F
11235,F
11236,F
11237,T
11238,T
11239,T
11240,F
11241,T
11242,F
11243,F
11244,F
11245,F
11246,F
11247,F
11248,F
11249,T
11250,T
11251,F
11252,T
11253,F
11254,F
11255,F
11256,T
11257,F
11258,T
11259,T
11260,F
11261,F
11262,F
11263,T
11264,T
11265,F
11266,T
11267,F
11268,F
11269,F
11270,T
11271,F
11272,F
11273,T
11274,F
11275,F
11276,T
11277,T
11278,F
11279,F
11280,F
11281,F
11282,F
11283,T
11284,T
11285,F
11286,F
11287,F
11288,T
11289,F
11290,F
11291,T
11292,F
11293,F
11294,T
11295,T
11296,F
11297,T
11298,F
11299,T
11300,T
11301,T
11302,T
11303,T
11304,T
11305,T
11306,T
11307,F
11308,F
11309,F
11310,T
11311,F
11312,T
11313,F
11314,F
11315,T
11316,F
11317,F
11318,F
11319,F
11320,T
11321,F
11322,F
11323,T
11324,T
11325,T
11326,F
11327,F
11328,F
11329,T
11330,T
11331,T
11332,T
11333,F
11334,F
11335,T
11336,F
11337,F
11338,F
11339,F
11340,F
11341,F
11342,T
11343,T
11344,T
11345,F
11346,F
11347,F
11348,T
11349,F
11350,F
11351,F
11352,F
11353,T
11354,T
11355,F
11356,T
11357,F
11358,T
11359,F
11360,F
11361,F
11362,F
11363,T
11364,F
11365,F
11366,F
11367,F
11368,F
11369,F
11370,T
11371,F
11372,F
11373,F
11374,F
11375,F
11376,F
11377,F
11378,F
11379,T
11380,F
11381,F
11382,T
11383,F
11384,T
11385,T
11386,F
11387,T
11388,F
11389,T
11390,T
11391,F
11392,T
11393,T
11394,T
11395,T
11396,F
11397,F
11398,T
11399,F
11400,F
11401,T
11402,F
11403,F
11404,T
11405,F
11406,F
11407,F
11408,T
11409,F
11410,F
11411,T
11412,T
11413,F
11414,T
11415,T
11416,F
11417,F
11418,F
11419,F
11420,T
11421,F
11422,F
11423,F
11424,T
11425,T
11426,F
11427,T
11428,F
11429,T
11430,T
11431,F
11432,F
11433,F
11434,T
11435,F
11436,T
11437,F
11438,T
11439,T
11440,F
11441,F
11442,F
11443,F
11444,F
11445,F
11446,F
11447,F
11448,T
11449,F
11450,T
11451,T
11452,F
11453,T
11454,F
11455,F
11456,T
11457,T
11458,F
11459,F
11460,T
11461,F
11462,F
11463,T
11464,T
11465,F
11466,F
11467,T
11468,F
11469,F
11470,T
11471,F
11472,F
11473,F
11474,F
11475,F
11476,T
11477,T
11478,F
11479,F
11480,T
11481,F
11482,F
11483,F
11484,F
11485,F
11486,T
11487,T
11488,F
11489,F
11490,F
11491,F
11492,F
11493,T
11494,F
11495,T
11496,F
11497,F
11498,F
11499,F
11500,T
11501,F
11502,T
11503,F
11504,F
11505,T
11506,T
11507,F
11508,T
11509,F
11510,F
11511,F
11512,F
11513,F
11514,F
11515,F
11516,F
11517,F
11518,F
11519,F
11520,T
11521,F
11522,F
11523,F
11524,F
11525,F
11526,F
11527,T
11528,T
11529,T
11530,T
11531,T
11532,F
11533,F
11534,F
11535,T
11536,F
11537,F
11538,T
11539,F
11540,T
11541,F
11542,F
11543,T
11544,F
11545,F
11546,T
11547,F
11548,F
11549,T
11550,F
11551,F
11552,F
11553,F
11554,T
11555,T
11556,T
11557,T
11558,T
11559,T
11560,T
11561,T
11562,F
11563,F
11564,T
11565,F
11566,T
11567,T
11568,F
11569,T
11570,F
11571,T
11572,F
11573,F
11574,T
11575,T
11576,T
11577,F
11578,T
11579,F
11580,T
11581,F
11582,F
11583,T
11584,F
11585,F
11586,F
11587,T
11588,F
11589,T
11590,F
11591,T
11592,T
11593,F
11594,T
11595,F
11596,F
11597,T
11598,F
11599,F
11600,F
11601,T
11602,T
11603,F
11604,F
11605,T
11606,F
11607,F
11608,F
11609,F
11610,F
11611,F
11612,F
11613,T
11614,F
11615,F
11616,F
11617,F
11618,F
11619,T
11620,F
11621,F
11622,F
11623,F
11624,F
11625,F
11626,T
11627,F
11628,F
11629,F
11630,F
11631,T
11632,F
11633,F
11634,T
11635,F
11636,T
11637,T
11638,T
11639,F
11640,T
11641,F
11642,F
11643,F
11644,F
11645,F
11646,T
11647,F
11648,F
11649,T
11650,F
11651,F
11652,T
11653,F
11654,F
11655,F
11656,F
11657,F
11658,T
11659,T
11660,F
11661,T
11662,T
11663,T
11664,T
11665,T
11666,F
11667,F
11668,T
11669,F
11670,F
11671,F
11672,F
11673,F
11674,F
11675,T
11676,T
11677,F
11678,F
11679,F
11680,F
11681,T
11682,T
11683,F
11684,F
11685,F
11686,F
11687,F
11688,F
11689,F
11690,F
11691,F
11692,F
11693,F
11694,T
11695,F
11696,F
11697,F
11698,T
11699,F
11700,F
11701,F
11702,F
11703,F
11704,F
11705,F
11706,F
11707,F
11708,T
11709,F
11710,F
11711,F
11712,F
11713,T
11714,T
11715,F
11716,T
11717,T
11718,F
11719,T
11720,T
11721,F
11722,F
11723,T
11724,F
11725,F
11726,F
11727,F
11728,T
11729,F
11730,F
11731,F
11732,F
11733,T
11734,F
11735,T
11736,T
11737,T
11738,T
11739,T
11740,F
11741,F
11742,F
11743,T
11744,F
11745,T
11746,F
11747,F
11748,F
11749,F
11750,F
11751,T
11752,F
11753,F
11754,F
11755,F
11756,F
11757,T
11758,F
11759,F
11760,T
11761,T
11762,F
11763,F
11764,F
11765,T
11766,T
11767,T
11768,F
11769,F
11770,F
11771,F
11772,T
11773,T
11774,F
11775,F
11776,T
11777,F
11778,F
11779,F
11780,F
11781,F
11782,T
11783,F
11784,F
11785,T
11786,F
11787,F
11788,F
11789,F
11790,F
11791,F
11792,F
11793,F
11794,T
11795,T
11796,F
11797,F
11798,F
11799,F
11800,T
11801,F
11802,F
11803,F
11804,T
11805,T
11806,F
11807,F
11808,T
11809,F
11810,F
11811,F
11812,T
11813,F
11814,F
11815,T
11816,T
11817,T
11818,F
11819,F
11820,F
11821,F
11822,F
11823,F
11824,F
11825,F
11826,T
11827,T
11828,F
11829,T
11830,F
11831,F
11832,F
11833,T
11834,T
11835,T
11836,T
11837,T
11838,F
11839,T
11840,F
11841,F
11842,F
11843,F
11844,T
11845,F
11846,F
11847,F
11848,F
11849,F
11850,T
11851,T
11852,F
11853,F
11854,T
11855,F
11856,T
11857,F
11858,T
11859,F
11860,F
11861,F
11862,F
11863,T
11864,T
11865,F
11866,F
11867,F
11868,F
11869,T
11870,F
11871,F
11872,T
11873,F
11874,T
11875,F
11876,F
11877,F
11878,F
11879,T
11880,F
11881,F
11882,F
11883,F
11884,T
11885,T
11886,F
11887,F
11888,F
11889,T
11890,F
11891,T
11892,F
11893,F
11894,F
11895,T
11896,F
11897,F
11898,F
11899,F
11900,F
11901,T
11902,T
11903,F
11904,F
11905,F
11906,T
11907,T
11908,F
11909,F
11910,F
11911,T
11912,F
11913,T
11914,T
11915,F
11916,T
11917,T
11918,T
11919,F
11920,T
11921,T
11922,F
11923,F
11924,T
11925,F
11926,T
11927,F
11928,F
11929,F
11930,T
11931,F
11932,F
11933,T
11934,T
11935,T
11936,T
11937,T
11938,F
11939,F
11940,F
11941,T
11942,T
11943,T
11944,F
11945,F
11946,F
11947,F
11948,F
11949,F
11950,F
11951,F
11952,F
11953,T
11954,F
11955,F
11956,F
11957,F
11958,T
11959,T
11960,F
11961,F
11962,F
11963,F
11964,F
11965,F
11966,F
11967,T
11968,F
11969,T
11970,F
11971,F
11972,F
11973,T
11974,T
11975,F
11976,F
11977,T
11978,F
11979,F
11980,F
11981,T
11982,F
11983,F
11984,F
11985,T
11986,F
11987,F
11988,T
11989,F
11990,F
11991,T
11992,F
11993,F
11994,F
11995,F
11996,T
11997,T
11998,T
11999,F
12000,F